"85b3b966-4ea4-4be7-bf08-53c3168163f9",O10082025-001,,2025-08-10 00:00:00.000,09:00:00,,DONE,Cash,0.00,0.00,0.00,,300000.00,false,,,2025-08-10 09:04:58.619,2025-08-10 10:42:25.069,1
"83c3e2a8-9e9a-4fc0-9e88-38e8eeddf60d",O10082025-002,"3f63cee9-3e17-4aea-8fab-aca71c0b5604",2025-08-10 00:00:00.000,10:44:00,,DONE,Cash,0.00,0.00,20.00,,240000.00,false,,,2025-08-10 10:44:16.210,2025-08-10 13:28:00.746,2
"4d12e9e8-e8e5-4b2a-9093-d3fe3f361135",O10082025-003,"8dd44650-b1ef-4a02-acc3-3de084af73da",2025-08-10 00:00:00.000,06:48:00,,DONE,Cash,0.00,0.00,10.00,,270000.00,false,,,2025-08-10 13:53:55.685,2025-08-10 15:01:32.497,4
"7a25b24e-7753-481d-baaf-83f926ebc088",O10082025-004,"9180767d-1687-452f-a38c-95c2118d9e6e",2025-08-10 00:00:00.000,14:00:00,,DONE,Cash,0.00,0.00,10.00,,270000.00,false,,,2025-08-10 14:05:47.185,2025-08-10 15:27:37.456,2
"935a4c2e-81d9-4ace-a668-61d1db67aa3d",O10082025-005,,2025-08-10 00:00:00.000,15:00:00,,DONE,Transfer,0.00,0.00,10.00,,270000.00,false,,,2025-08-10 15:23:16.556,2025-08-10 16:27:03.400,2
"85b8b561-3c63-4f76-a05f-f6e56914357d",O09082025-001,,2025-08-09 00:00:00.000,08:33:00,,DONE,Transfer,0.00,0.00,10.00,,135000.00,false,,,2025-08-09 08:38:52.693,2025-08-09 09:31:03.808,2
c869e2d8-7422-4e86-86fe-d1ea0c813ec2,O09082025-002,,2025-08-09 00:00:00.000,08:35:00,,DONE,Cash,0.00,0.00,10.00,,135000.00,false,,,2025-08-09 08:40:01.945,2025-08-09 10:27:11.035,4
a64b2369-f24c-478e-bffe-83176e104588,O09082025-003,"7af82c30-3ad9-49c3-863d-209999be7101",2025-08-09 00:00:00.000,09:50:00,,DONE,Cash,0.00,0.00,10.00,,135000.00,false,,,2025-08-09 10:34:30.756,2025-08-09 10:54:29.847,3
"20c54f05-498c-4474-8133-8acb3f4a8fd4",O09082025-004,b0d8091b-1d2f-4a37-accc-788c7f787709,2025-08-09 00:00:00.000,10:30:00,,DONE,Transfer,0.00,0.00,10.00,,270000.00,false,,,2025-08-09 10:53:54.662,2025-08-09 11:38:09.654,2
"9d4c69a4-f803-417e-bae8-2d2052b14e06",O09082025-005,a56887c2-bc9d-46aa-b5db-348dae4c77a3,2025-08-09 00:00:00.000,15:35:00,,DONE,Cash,0.00,0.00,20.00,,240000.00,false,,,2025-08-09 15:50:54.200,2025-08-09 17:44:56.978,3
"19485072-695a-4012-ac0f-d39c0f4ca8c4",O09082025-006,"820a3a27-6fe6-4847-a33d-76ae8e1b9966",2025-08-09 00:00:00.000,00:30:00,,DONE,Cash,0.00,0.00,10.00,,270000.00,false,,,2025-08-09 12:38:56.612,2025-08-09 16:02:51.817,2
"97b5e716-3ca8-43cd-9be2-4f761dedceda",O08082025-001,"953a89b4-93d4-456c-9597-66cf73635f55",2025-08-08 00:00:00.000,14:46:00,,DONE,Transfer,0.00,0.00,0.00,,300000.00,false,,,2025-08-08 14:56:15.847,2025-08-08 16:31:49.666,2
b9534bd6-46ba-41e1-acc9-d39b81078c96,O08082025-002,"8201f4bf-3d62-4632-982f-ab7e2294a467",2025-08-08 00:00:00.000,13:39:00,,DONE,Transfer,0.00,0.00,0.00,,250000.00,false,,,2025-08-08 13:43:45.020,2025-08-08 14:31:36.093,1
"3951be93-2fb2-4b28-a744-3a98d1b49edf",O08082025-003,"0d9d7f76-74b2-43b6-a9ea-a9a73cd5e895",2025-08-08 00:00:00.000,02:31:00,,DONE,Transfer,0.00,0.00,0.00,,300000.00,false,,,2025-08-08 10:42:34.516,2025-08-09 08:09:53.402,5
"240b3054-89c4-4136-9e6c-dc5a5fe1ce46",O07082025-001,"59e655c8-a823-4ed2-87e9-841a5f16f8f8",2025-08-07 00:00:00.000,10:58:00,,DONE,Cash,0.00,0.00,0.00,,300000.00,false,,,2025-08-07 11:06:17.158,2025-08-07 12:10:01.166,1
"2fd8425c-a70f-4e95-bd78-230dc4697fd5",O07082025-002,,2025-08-07 00:00:00.000,17:24:00,,PENDING,Cash,0.00,0.00,0.00,,300000.00,false,,,2025-08-07 17:26:18.331,2025-08-12 01:43:57.815,0
"1fcdd064-e08f-4d5c-8cdd-504895093d29",O06082025-001,,2025-08-06 17:00:00.000,11:08:00,,DONE,Transfer,0.00,0.00,10.00,,270000.00,false,,,2025-08-07 11:08:59.667,2025-08-08 07:51:52.836,3
e32a10af-10ba-47aa-9832-4597b73e225d,O06082025-002,"8de39767-5035-4ea1-b70d-61102846d53d",2025-08-06 00:00:00.000,16:36:00,,DONE,Transfer,0.00,0.00,0.00,,150000.00,false,,,2025-08-06 16:37:40.019,2025-08-06 17:17:59.269,2
"8f6de9da-f4dd-46aa-ac91-0e1cfe78eb6c",O05082025-001,"04455861-8de3-4856-9589-63b5a77e421f",2025-08-05 00:00:00.000,08:39:00,,DONE,Cash,0.00,0.00,20.00,,240000.00,false,,,2025-08-05 08:47:16.510,2025-08-05 10:02:20.650,3
"6a71028b-5881-4d9d-911a-48186c6f171f",O05082025-002,"36dc8c91-3055-47d1-b93d-dce2e0ffc41d",2025-08-05 00:00:00.000,09:05:00,,DONE,Cash,0.00,0.00,0.00,,350000.00,false,,,2025-08-05 09:13:56.884,2025-08-05 11:07:32.455,2
eed8e635-5aba-4efc-9ead-be7993ed4f8f,O05082025-003,d169db0f-9c0a-4896-8f64-3e95aa0b3615,2025-08-05 00:00:00.000,13:15:00,,DONE,Cash,0.00,0.00,20.00,,240000.00,false,,,2025-08-05 13:18:43.921,2025-08-05 14:20:45.832,2
e0ad1664-77c4-4e1e-b06e-92d8f5912714,O05082025-004,c367dcff-4f12-42b2-a8ad-afa5001acb68,2025-08-05 00:00:00.000,14:17:00,,DONE,Transfer,0.00,0.00,0.00,,150000.00,false,,,2025-08-05 14:29:10.001,2025-08-05 15:39:09.246,3
d2d0f15b-e358-4ac4-9d8b-51738173ee61,O04082025-001,ab2ddba7-efe9-41a8-b176-42076eba20a6,2025-08-04 00:00:00.000,05:49:00,,DONE,Cash,0.00,0.00,50.00,,475000.00,false,,,2025-08-04 12:50:02.533,2025-08-04 12:55:14.918,3
"20264b27-c34b-484c-8b83-dca04cd83edf",O04082025-002,"41be89bf-ce17-4b33-a5f1-88bea4b8c641",2025-08-04 00:00:00.000,13:49:00,,DONE,Transfer,0.00,0.00,50.00,,475000.00,false,,,2025-08-04 13:50:19.860,2025-08-04 16:44:42.754,6
"884bec96-8bc0-47df-8a25-38cf2725f667",O03082025-001,,2025-08-03 17:00:00.000,05:53:00,,DONE,Cash,0.00,0.00,0.00,,2500000.00,false,,,2025-08-04 12:53:59.618,2025-08-05 08:47:36.497,1
ef57f42b-69e0-47b4-b084-d6b7bf8ee888,O01082025-001,c8722e7c-ab98-4f88-a504-841fbc968067,2025-08-01 00:00:00.000,10:57:00,,DONE,Transfer,0.00,0.00,20.00,,240000.00,false,,,2025-08-01 12:59:02.615,2025-08-01 14:47:05.469,2
"520cff7d-5601-4ffb-b3cc-ea0bd9eb887c",O31072025-001,a1365efa-92a0-43b1-8015-a39a2c2699f5,2025-07-31 17:00:00.000,08:56:00,,DONE,Cash,0.00,0.00,20.00,,240000.00,false,,,2025-08-01 08:57:20.210,2025-08-01 10:03:25.042,3
"2608b578-3b32-4bd0-ab86-cc03aa5c48d0",O31072025-002,b74c3272-dc16-4e88-94d1-e010572a9d85,2025-07-31 00:00:00.000,10:31:00,,DONE,Transfer,0.00,0.00,20.00,,240000.00,false,,,2025-07-31 10:29:30.584,2025-07-31 12:07:29.251,3
"6cf88e42-1439-4b41-83c9-6dec700ef068",O31072025-003,a79c392a-d059-4d30-86c4-3f0d19bd44bf,2025-07-31 00:00:00.000,14:18:00,,DONE,Transfer,0.00,0.00,20.00,,240000.00,false,,,2025-07-31 14:12:51.125,2025-07-31 15:22:39.510,2
"25948b08-beeb-4225-afab-f5e7141b9284",O30072025-001,d8f03a40-8abf-4f63-bdb1-cc54f96531c0,2025-07-30 17:00:00.000,10:01:00,,DONE,Transfer,0.00,0.00,20.00,,240000.00,false,,,2025-07-31 09:54:08.672,2025-07-31 10:57:28.828,2
"5fdc72f8-2a46-44d4-864c-12ff2e2fc2d7",O30072025-002,"8ea9a1be-9aa1-4fb2-af73-ad4f02ac0e27",2025-07-30 17:00:00.000,10:09:00,,DONE,Transfer,0.00,0.00,20.00,,240000.00,false,,,2025-07-31 10:04:22.337,2025-07-31 12:34:25.275,2
"8167b5c6-4059-401d-b588-3e6e63dfdc84",O30072025-003,"5f5655f6-3687-4603-aab3-51edaae0a818",2025-07-30 00:00:00.000,09:49:00,11:18:00,DONE,Cash,0.00,0.00,0.00,,300000.00,false,,,2025-07-31 07:42:38.802,2025-07-31 08:37:30.302,2
"81accae5-41d1-482a-9d2d-4cb95273d555",O30072025-004,"7d63ecad-b731-4bc8-8f7c-277021ef4e91",2025-07-30 00:00:00.000,08:32:00,,DONE,Transfer,0.00,0.00,20.00,,240000.00,false,,,2025-07-30 08:42:24.227,2025-07-30 11:17:20.228,5
"0623ebb2-60a6-4835-a6d8-ff241c4c00b0",O29072025-001,,2025-07-29 17:00:00.000,15:33:00,,DONE,Cash,0.00,0.00,20.00,,240000.00,false,,,2025-07-30 15:51:12.822,2025-07-30 16:39:57.489,2
"4542fe36-e7e6-48a4-acbb-144ecb3f284a",O29072025-002,"5f5655f6-3687-4603-aab3-51edaae0a818",2025-07-29 17:00:00.000,08:58:00,,DONE,Cash,0.00,0.00,20.00,,240000.00,false,,,2025-07-30 09:02:10.200,2025-07-30 11:22:10.412,4
"1777f2ee-05a6-4d26-8909-fbbaeda5901c",O29072025-003,d79bc8a0-da01-4511-81df-2d737d800fc5,2025-07-29 17:00:00.000,14:32:00,,DONE,Transfer,0.00,0.00,20.00,,240000.00,false,,,2025-07-30 14:27:59.623,2025-07-30 15:38:58.557,2
"78645a50-f0fe-484b-bc58-54532f114daa",O29072025-004,,2025-07-29 10:00:00.000,15:43:00,,DONE,Cash,0.00,0.00,0.00,,150000.00,false,,,2025-07-30 15:40:08.387,2025-07-31 07:42:58.730,5
"265bdf30-2e4b-4943-9b3e-14b12b132362",O27072025-001,f5e76fda-824a-41bd-8c2e-ff227ec5a387,2025-07-27 06:00:00.000,08:30:00,09:45:00,DONE,Transfer,0.00,0.00,20.00,,240000.00,false,,,2025-07-29 09:40:44.643,2025-07-29 15:47:18.609,6
"6ae6ee70-ec0a-4f54-984d-b17971f80a31",O27072025-002,ccb16d05-900c-4ff3-a01e-e734508d889e,2025-07-27 06:00:00.000,15:30:00,16:30:00,DONE,Cash,0.00,0.00,20.00,,240000.00,false,,,2025-07-29 15:41:41.085,2025-07-30 08:37:18.151,6
ae3d5d81-ae99-494d-90e6-95496fe5379e,O27072025-003,"52cbd101-0dd7-4552-8d59-4907600818d8",2025-07-27 00:00:00.000,15:35:00,16:17:00,DONE,Cash,0.00,0.00,0.00,,150000.00,false,,,2025-07-27 15:38:22.169,2025-07-27 16:21:11.968,5
"8c43b9cc-9efd-46f6-b0ba-1fbb9f2aad60",O27072025-004,,2025-07-27 00:00:00.000,12:30:00,,DONE,Cash,0.00,0.00,20.00,,240000.00,false,,,2025-07-27 13:01:35.318,2025-07-27 16:39:33.361,4
"0d9ea612-78ec-40b4-a61f-5b173be52b04",O27072025-005,f91eb847-f541-49fd-a148-93f714669fc7,2025-07-27 00:00:00.000,09:19:00,,DONE,Cash,0.00,0.00,20.00,,240000.00,false,,,2025-07-27 10:59:49.334,2025-07-27 16:41:22.906,3
a66ff08b-9d94-4ac6-ad7e-4e24b6054f3a,O27072025-006,"46b81538-03da-4f71-8b9b-bb190598bcbe",2025-07-27 00:00:00.000,10:02:00,,DONE,Cash,0.00,0.00,20.00,,240000.00,false,,,2025-07-27 10:06:55.667,2025-07-27 16:41:51.034,6
"9f30fb11-0682-4c4c-aab0-cafa29133072",O27072025-007,ecb5f6e8-8e2d-4893-8a20-7ffdd6a9340e,2025-07-27 00:00:00.000,10:54:00,,DONE,Transfer,0.00,0.00,20.00,,240000.00,false,,,2025-07-27 11:08:15.114,2025-07-27 16:42:13.116,3
ad212751-1c71-457d-9d45-a3051afd9b3c,O27072025-008,"8c5deddd-d7e9-463b-b5ab-72c5a6942508",2025-07-27 00:00:00.000,04:22:00,,DONE,Cash,0.00,0.00,0.00,,150000.00,false,,,2025-07-27 11:24:01.023,2025-07-27 16:42:36.128,3
"008a4cb0-97d6-4193-8001-ecd4267f823a",O26072025-001,,2025-07-26 17:00:00.000,09:32:00,,DONE,Cash,0.00,0.00,0.00,,150000.00,false,,,2025-07-27 09:41:20.023,2025-07-27 10:13:39.744,4
"5406a0d3-46b0-4427-926f-f4ae8e935ac3",O26072025-002,"0f84c4db-c0b8-43e5-b02a-d0fd50380670",2025-07-26 17:00:00.000,16:03:00,,DONE,Transfer,0.00,0.00,0.00,,150000.00,false,,,2025-07-27 16:17:31.489,2025-07-27 16:51:39.479,2
"7c3b5e77-104d-4918-83d7-1ef23e94cc9c",O26072025-003,"703216f6-df7a-4071-971f-bc838481e610",2025-07-26 17:00:00.000,16:17:00,,DONE,Cash,0.00,0.00,20.00,,240000.00,false,,,2025-07-27 16:18:24.927,2025-07-27 17:41:18.913,3
fc8e2641-61a9-4e0d-9747-bc9ee8ea67ce,O26072025-004,,2025-07-26 10:00:00.000,08:28:00,,DONE,Cash,0.00,0.00,20.00,,240000.00,false,,,2025-07-27 08:34:24.540,2025-07-27 09:36:28.914,2
b2344473-d55a-41d0-b424-73f49411f1bb,O25072025-001,"94819498-b89b-409d-bbe2-368ce462a6a9",2025-07-25 10:00:00.000,15:26:00,,DONE,Cash,0.00,0.00,20.00,,240000.00,false,,,2025-07-26 15:49:00.251,2025-07-26 17:27:17.998,2
c84c2ed1-efa5-40c4-8fff-a86c94007f7f,O25072025-002,,2025-07-25 10:00:00.000,16:53:00,,DONE,Cash,0.00,0.00,0.00,,150000.00,false,,,2025-07-26 18:00:16.180,2025-07-26 18:02:33.163,2
"60499291-250f-4577-9ccc-50224f8c0f11",O25072025-003,cdbf0c50-e7c2-4f29-905f-55707f30d7f7,2025-07-25 03:00:00.000,10:54:00,10:57:00,DONE,Transfer,0.00,0.00,10.00,test,135000.00,false,,,2025-07-26 10:54:04.365,2025-07-26 10:59:11.986,3
cd622f44-6279-4234-a6f2-d234f7b529f8,O25072025-004,"21ecf212-7ed0-4838-b907-f20d7e8917e7",2025-07-25 03:00:00.000,13:53:00,,DONE,Transfer,0.00,0.00,20.00,,240000.00,false,,,2025-07-26 14:21:02.337,2025-07-26 16:28:41.985,3
"5a26b6d0-8e18-42fa-809b-448dd900edba",O25072025-005,cd1308f6-16bd-41e2-b776-2e60943104e7,2025-07-25 03:00:00.000,16:00:00,,DONE,Cash,0.00,0.00,20.00,,240000.00,false,,,2025-07-26 16:08:51.813,2025-07-26 17:58:22.749,3
"32cd2b3b-6c1b-4eca-8519-c4c19209b13e",O25072025-006,a8e54595-b982-4914-9984-4501f667325d,2025-07-25 03:00:00.000,17:48:00,,DONE,Cash,0.00,0.00,20.00,,240000.00,false,,,2025-07-26 17:57:33.113,2025-07-26 19:20:22.224,3
"244f882f-5fd4-47fe-93e6-31909de6c8ac",O24072025-001,"9eaa1f21-f0e8-4863-83dc-976a4c44ee30",2025-07-24 20:00:00.000,15:15:00,,DONE,Transfer,0.00,0.00,20.00,,240000.00,false,,,2025-07-26 15:46:31.442,2025-07-26 16:24:08.478,4
"569f704f-6e05-4922-8735-cc903fc6f6ad",O24072025-002,ef4a59a9-9173-48d8-b48a-17f2d2507db6,2025-07-24 20:00:00.000,14:08:00,,DONE,Cash,0.00,0.00,20.00,,240000.00,false,,,2025-07-26 14:30:17.813,2025-07-26 16:24:49.235,4
"6a3418db-d9e9-4e6f-b771-5cd2b8b67890",O23072025-001,,2025-07-23 23:00:00.000,10:16:00,11:28:00,PENDING,Transfer,0.00,0.00,20.00,,240000.00,false,,,2025-07-26 11:19:31.661,2025-07-30 07:43:12.827,7
"6c6f66d2-34d3-4fcc-aff1-a8328232c892",O22072025-001,cdbf0c50-e7c2-4f29-905f-55707f30d7f7,2025-07-22 00:00:00.000,11:10:00,,PENDING,Cash,0.00,0.00,0.00,,300000.00,false,,,2025-07-22 11:10:20.727,2025-08-12 01:43:57.815,0
"28ffa120-e685-43ec-abd9-d873ba7fefd9",O22072025-002,"03e02086-d9bb-4b06-a44c-43f98a0d093a",2025-07-22 00:00:00.000,09:00:00,,PENDING,Cash,0.00,0.00,40.00,,1500000.00,false,,,2025-07-22 10:19:22.002,2025-07-22 11:21:28.351,5
"35cd145e-d179-4855-93d4-600498bab4ca",O12082025-001,,2025-08-12 00:00:00.000,07:01:00,,PENDING,Transfer,0.00,0.00,0.00,,300000.00,false,,,2025-08-12 14:02:59.825,2025-08-12 14:03:20.156,2
a62ad6a2-cdda-4374-a23f-3e3716bf9224,O14082025-001,"1d974cfb-b052-4696-9502-a6c8a8d62d37",2025-08-14 00:00:00.000,00:52:00,14:25:00,DONE,Transfer,0.00,0.00,10.00,"",270000.00,false,,,2025-08-14 12:54:04.541,2025-08-14 15:43:31.221,6
"33ad7b4f-101f-4b0b-af99-76e67b9faf14",O17082025-002,"5bef7157-cfe0-4195-a54e-bdb37c7d6dc0",2025-08-17 00:00:00.000,10:44:00,00:00:00,DONE,Transfer,0.00,0.00,10.00,"",270000.00,false,,,2025-08-17 10:52:59.306,2025-08-17 11:58:40.261,5
"118aa081-24bf-4402-8b68-8e2f354a2f54",O14082025-002,,2025-08-14 00:00:00.000,15:30:00,,DONE,Transfer,0.00,0.00,10.00,"",270000.00,false,,,2025-08-14 15:43:20.964,2025-08-15 08:06:00.204,4
bac15ddb-3832-4d00-b6b2-6e7043ebec0e,O13082025-001,a18212ad-c34d-4990-a36d-2cf6c45c30c2,2025-08-13 00:00:00.000,09:24:00,10:30:00,DONE,Cash,0.00,0.00,10.00,"",270000.00,false,,,2025-08-13 09:32:34.847,2025-08-13 10:31:13.785,5
"6cd3eacd-6e82-48d5-9b75-a51ebaacddbf",O18082025-003,b57e2e0b-4a35-41fa-b154-06976b699f30,2025-08-18 00:00:00.000,11:50:00,17:30:00,DONE,Transfer,0.00,0.00,20.00,"",280000.00,false,,,2025-08-18 11:38:13.910,2025-08-18 18:01:27.293,7
c9fa62ea-ff93-41db-a29a-72b2cda80022,O13082025-002,,2025-08-13 00:00:00.000,09:24:00,11:39:00,DONE,Transfer,0.00,35.00,10.00,"",315000.00,false,,,2025-08-13 09:39:14.040,2025-08-13 12:06:09.782,6
"2d17a772-0e8d-4efa-8ce8-e0092d019f0d",O17082025-006,"495d3241-f82a-4bb2-9858-56d2ddd73dbb",2025-08-17 00:00:00.000,14:54:00,15:55:00,DONE,Cash,0.00,0.00,10.00,"",135000.00,false,,,2025-08-17 15:10:18.601,2025-08-17 15:56:11.733,6
"188e81ad-5a2d-4b82-8ad3-28bc07bda135",O18082025-004,"4b8e99b9-b21c-4bcb-8ef8-3d25bdd1e605",2025-08-18 00:00:00.000,00:00:00,15:45:00,DONE,Transfer,0.00,0.00,10.00,"",315000.00,false,,,2025-08-18 12:23:54.798,2025-08-18 18:01:49.015,5
"32ecfb74-0954-402e-9f84-d0ce43d86801",O15082025-001,ccb16d05-900c-4ff3-a01e-e734508d889e,2025-08-15 00:00:00.000,08:57:00,09:37:00,DONE,Transfer,0.00,0.00,10.00,"",135000.00,false,,,2025-08-15 09:04:53.369,2025-08-15 10:06:31.703,5
"13b5222e-049f-4ef6-9b33-dc60c13c909e",O13082025-003,d5a872f4-51fb-4dad-868d-9d4d0d72fc75,2025-08-13 00:00:00.000,13:24:00,16:30:00,DONE,Transfer,0.00,0.00,0.00,"",300000.00,false,,,2025-08-13 14:00:30.169,2025-08-13 16:39:37.356,5
a724afb5-fbaa-4faa-a700-442896ac2731,O16082025-002,"42a60ace-d8d9-4f5c-ae26-238d1a16cd5e",2025-08-16 00:00:00.000,10:57:00,,DONE,Cash,0.00,0.00,10.00,"",270000.00,false,,,2025-08-16 11:01:20.240,2025-08-17 08:05:07.424,5
"82740543-bd45-42d6-8b21-90d8685a4ace",O15082025-002,,2025-08-15 00:00:00.000,09:15:00,10:25:00,DONE,Transfer,0.00,0.00,10.00,"",315000.00,false,,,2025-08-15 09:31:53.493,2025-08-15 10:26:29.305,5
"6abd561c-a86f-4dd5-be98-7f1b0ccbc585",O13082025-004,d8f03a40-8abf-4f63-bdb1-cc54f96531c0,2025-08-13 00:00:00.000,13:57:00,16:35:00,DONE,Transfer,0.00,0.00,20.00,vệ sinh nội thất lẻ 2 ghế 200k,240000.00,false,,,2025-08-13 14:16:10.638,2025-08-13 17:25:32.000,6
"4d8e73b1-b6df-461f-ac2c-627198267cd0",O16082025-001,c2036f3d-1d9e-4d06-93b7-d30972cc9c2c,2025-08-16 00:00:00.000,10:08:00,,DONE,Cash,0.00,0.00,10.00,"",270000.00,false,,,2025-08-16 10:16:50.400,2025-08-17 08:05:25.529,5
"4bd54d81-c12d-4fea-9196-8ebbf84fe326",O17082025-005,"5bef7157-cfe0-4195-a54e-bdb37c7d6dc0",2025-08-17 00:00:00.000,13:50:00,16:50:00,DONE,Transfer,0.00,0.00,67.00,"",99000.00,false,,,2025-08-17 13:58:13.241,2025-08-17 17:10:28.717,5
"48d35c4b-9f1a-43f0-955c-39ad771a0b83",O13082025-005,"07b6d81f-3859-4e89-a85c-3ba571e3b609",2025-08-13 00:00:00.000,17:25:00,18:10:00,DONE,Cash,0.00,0.00,10.00,"",270000.00,false,,,2025-08-13 17:26:37.033,2025-08-13 18:10:39.818,5
"91f7802e-1b38-4152-a917-5a7e72ff32bd",O15082025-003,,2025-08-15 00:00:00.000,11:09:00,,DONE,Transfer,0.00,0.00,10.00,"",270000.00,false,,,2025-08-15 11:11:26.735,2025-08-15 12:07:20.754,4
"3b2f6c04-dca3-462b-903d-daca39a78853",O18082025-002,f76b33dc-aad5-457d-9872-8c78bf9d7161,2025-08-18 00:00:00.000,10:57:00,,DONE,Transfer,0.00,0.00,10.00,"",225000.00,false,,,2025-08-18 11:06:35.848,2025-08-18 12:33:04.671,4
"143497aa-0992-401b-98e3-a27d10523158",O16082025-003,d169db0f-9c0a-4896-8f64-3e95aa0b3615,2025-08-16 00:00:00.000,13:18:00,,DONE,Transfer,0.00,0.00,20.00,"",240000.00,false,,,2025-08-16 13:26:47.669,2025-08-17 14:19:03.193,4
"294c13b4-42d2-424c-ac41-78b99eb6b9f1",O17082025-004,d169db0f-9c0a-4896-8f64-3e95aa0b3615,2025-08-17 00:00:00.000,13:15:00,,DONE,Transfer,0.00,0.00,20.00,"",120000.00,false,,,2025-08-17 13:16:12.773,2025-08-17 14:23:38.395,6
"240ef592-aae3-4bf9-97cf-18952ecd0484",O15082025-004,,2025-08-15 00:00:00.000,13:30:00,15:02:00,DONE,Transfer,0.00,0.00,10.00,"",315000.00,false,,,2025-08-15 13:43:21.660,2025-08-15 15:03:16.775,5
"6fa3fc4d-cd15-40bb-a262-4e9a8c795194",O18082025-001,cdbf0c50-e7c2-4f29-905f-55707f30d7f7,2025-08-18 00:00:00.000,08:40:00,11:26:00,DONE,Transfer,0.00,0.00,10.00,"",270000.00,false,,,2025-08-18 09:00:23.935,2025-08-18 11:26:50.828,6
c000da59-0a78-44af-a28b-419241e607c9,O17082025-003,,2025-08-17 00:00:00.000,11:57:00,14:57:00,DONE,Transfer,0.00,0.00,10.00,"",270000.00,false,,,2025-08-17 11:57:35.498,2025-08-17 14:58:09.073,5
ad99297a-80cb-4e4e-8489-6f919cba9be3,O17082025-001,,2025-08-17 00:00:00.000,09:38:00,11:13:00,DONE,Cash,0.00,0.00,10.00,"",270000.00,false,,,2025-08-17 10:41:13.528,2025-08-17 11:25:17.588,6
c2c522da-6471-423e-b0ee-9342b778e903,O17082025-007,,2025-08-17 00:00:00.000,15:20:00,17:45:00,DONE,Transfer,0.00,0.00,10.00,"",270000.00,false,,,2025-08-17 15:55:59.238,2025-08-17 17:48:55.790,5
"18033b61-5038-4bff-bb24-69c74d1eb8e2",O20082025-004,,2025-08-20 00:00:00.000,14:05:00,14:20:00,DONE,Transfer,0.00,0.00,10.00,"",135000.00,false,,,2025-08-20 14:05:40.027,2025-08-20 14:41:00.486,5
"724b1046-6d75-42e6-9e26-a3790115da27",O20082025-003,"6866e45e-17db-4f7a-b59a-2e2f44a266cc",2025-08-20 00:00:00.000,11:05:00,00:24:00,DONE,Transfer,0.00,0.00,0.00,"",300000.00,false,,,2025-08-20 11:24:13.051,2025-08-20 12:25:05.193,3
"0e490d4a-1a04-448e-a6c0-c0067caff38c",O17082025-008,,2025-08-17 00:00:00.000,17:34:00,17:58:00,DONE,Transfer,0.00,0.00,10.00,"",135000.00,false,,,2025-08-17 17:38:11.501,2025-08-17 17:59:03.692,5
"4cad569a-4231-407c-9199-e9c223c8c028",O20082025-002,"5f5655f6-3687-4603-aab3-51edaae0a818",2025-08-20 00:00:00.000,10:06:00,11:15:00,DONE,Cash,0.00,0.00,0.00,"",300000.00,false,,,2025-08-20 10:07:44.575,2025-08-20 11:22:33.188,4
"927060aa-226f-47c1-8478-0dc721f11c57",O18082025-006,,2025-08-18 00:00:00.000,15:22:00,,DONE,Transfer,0.00,0.00,0.00,"",300000.00,false,,,2025-08-18 15:25:47.171,2025-08-18 17:50:21.131,2
"176aa268-5a02-45ec-bcc1-444a334e7a03",O18082025-005,,2025-08-18 00:00:00.000,15:22:00,,DONE,Transfer,0.00,0.00,0.00,"",300000.00,false,,,2025-08-18 15:24:52.121,2025-08-18 17:50:42.593,2
ee9410ce-83c1-4e0e-93f6-b84e97bbf91f,O20082025-001,"8201f4bf-3d62-4632-982f-ab7e2294a467",2025-08-20 00:00:00.000,08:58:00,09:45:00,DONE,Transfer,0.00,0.00,10.00,"",225000.00,false,,,2025-08-20 09:01:43.290,2025-08-20 09:45:53.191,5
"4e8c48e4-e0ec-47d3-a2da-35eaf38120ae",O20082025-006,,2025-08-20 00:00:00.000,15:10:00,16:00:00,DONE,Transfer,0.00,0.00,67.00,"",99000.00,false,,,2025-08-20 15:14:19.456,2025-08-20 16:00:51.477,5
f53688bd-9fa2-44c4-ac3d-e69ebab3f777,O22082025-002,"3a754508-bcd1-4234-93ab-e58dfd9ba2ca",2025-08-22 00:00:00.000,08:54:00,09:44:00,DONE,Transfer,0.00,0.00,10.00,"",135000.00,false,,,2025-08-22 08:57:02.941,2025-08-22 09:44:46.464,5
"9b3aad51-9cc4-4a35-943a-893d9d199bc2",O21082025-001,"02ff19f8-f704-48e6-896b-9568ae7ef86a",2025-08-21 00:00:00.000,16:54:00,17:28:00,DONE,Transfer,0.00,0.00,10.00,"",135000.00,false,,,2025-08-21 16:56:00.927,2025-08-21 17:29:53.634,5
"5c079efc-e9e9-4957-a1ab-26d8e5499492",O22082025-001,f1984bec-c5f3-445d-aae1-f471bee73bd5,2025-08-22 00:00:00.000,08:32:00,09:05:00,DONE,Transfer,0.00,0.00,10.00,"",135000.00,false,,,2025-08-22 08:37:04.519,2025-08-22 09:07:38.046,6
"94481551-010e-4884-861c-496166f46257",O22082025-003,,2025-08-22 00:00:00.000,10:37:00,00:07:00,DONE,Transfer,0.00,0.00,0.00,"",300000.00,false,,,2025-08-22 10:41:15.405,2025-08-22 12:07:27.245,3
"49e92f80-9e34-4d05-96dd-38be821b399c",O22082025-004,"1d974cfb-b052-4696-9502-a6c8a8d62d37",2025-08-22 00:00:00.000,13:06:00,14:36:00,DONE,Transfer,0.00,0.00,10.00,"",135000.00,false,,,2025-08-22 13:06:03.709,2025-08-22 14:36:30.195,5
"20fe33a8-ec09-4050-91bb-4b5673b4b633",O22082025-005,,2025-08-22 00:00:00.000,13:14:00,,DONE,Transfer,0.00,0.00,0.00,"",170000.00,false,,,2025-08-22 13:14:46.042,2025-08-22 13:43:14.213,6
"7c738a6c-8fd7-44ca-a221-322a460c4a49",O20082025-005,,2025-08-20 00:00:00.000,14:20:00,,DONE,Transfer,0.00,0.00,10.00,"",3645000.00,false,,,2025-08-20 14:43:55.533,2025-08-29 10:13:53.370,4
bb0fc61f-fa8f-4c9d-857f-742b26efaa0b,O27082025-001,,2025-08-27 00:00:00.000,09:28:00,10:31:00,DONE,Cash,0.00,0.00,10.00,"",315000.00,false,,,2025-08-27 09:31:25.210,2025-08-27 10:32:15.242,5
"85cb6aa5-6c0e-4455-b78b-ab38450d4af8",O24082025-005,"9945158b-fe89-48dc-b4f9-c4fbe134573b",2025-08-24 00:00:00.000,01:00:00,,DONE,Transfer,0.00,0.00,10.00,"",270000.00,false,,,2025-08-24 12:56:17.591,2025-08-24 17:33:46.147,4
c8ba65b7-3255-4df8-9a7c-6b500ff9bca9,O22082025-007,cdbf0c50-e7c2-4f29-905f-55707f30d7f7,2025-08-22 00:00:00.000,15:10:00,16:44:00,DONE,Cash,0.00,0.00,10.00,"",135000.00,false,,,2025-08-22 15:11:47.191,2025-08-22 16:45:10.335,6
"4e97dac7-5b8d-47ab-bda5-2b13866c1902",O27082025-005,"0d9d7f76-74b2-43b6-a9ea-a9a73cd5e895",2025-08-27 00:00:00.000,16:43:00,,PENDING,Cash,0.00,0.00,10.00,"",270000.00,false,,,2025-08-27 16:35:41.441,2025-08-28 07:56:46.736,7
ca75b5d9-74e0-4216-9070-d9488c9eeccb,O22082025-006,"0d9d7f76-74b2-43b6-a9ea-a9a73cd5e895",2025-08-22 00:00:00.000,14:52:00,15:56:00,DONE,Transfer,0.00,0.00,10.00,"",270000.00,false,,,2025-08-22 14:53:10.413,2025-08-22 16:47:24.470,5
"7b59766d-4d70-4da2-99c3-eaa9e728bbf9",O24082025-010,"8dd44650-b1ef-4a02-acc3-3de084af73da",2025-08-24 00:00:00.000,03:55:00,,DONE,Cash,0.00,0.00,67.00,"",99000.00,false,,,2025-08-24 16:43:57.809,2025-08-24 18:00:02.097,5
"8a7cdf6b-4dd6-4017-9398-32912fc2c1d7",O24082025-002,"05e231ab-138f-475d-8a3f-20b9aa037a10",2025-08-24 00:00:00.000,09:24:00,13:45:00,DONE,Transfer,0.00,0.00,10.00,"",270000.00,false,,,2025-08-24 10:12:38.089,2025-08-24 13:45:58.826,5
"572415bf-794b-4fff-a22b-36e57aaeda1f",O23082025-001,"8e647369-eae5-410c-8a8d-d4b5624369b9",2025-08-23 00:00:00.000,10:30:00,,DONE,Transfer,0.00,0.00,10.00,"",270000.00,false,,,2025-08-23 10:35:09.416,2025-08-23 12:17:25.533,4
"14bdff90-aa6f-4b84-97f9-d1aeb6c2418b",O24082025-009,"89b764dc-9a4c-43c6-a847-880c564c0374",2025-08-24 00:00:00.000,14:47:00,,DONE,Transfer,0.00,0.00,10.00,"",270000.00,false,,,2025-08-24 14:48:37.229,2025-08-25 10:51:08.878,4
"3d5e0110-b87c-44c4-b6af-1c2551e9951e",O23082025-002,bc77c1c0-b590-4c22-a4fb-27078ec9dc48,2025-08-23 00:00:00.000,14:02:00,16:10:00,DONE,Transfer,0.00,0.00,10.00,"",855000.00,false,,,2025-08-23 14:07:15.408,2025-08-23 16:15:00.890,5
"29fabef8-1fa9-4c6c-8615-3c8c3ad26654",O28082025-003,,2025-08-28 00:00:00.000,00:24:00,,DONE,Transfer,0.00,0.00,67.00,"",99000.00,false,,,2025-08-28 13:03:18.521,2025-08-28 18:06:05.141,4
d99c1d90-bd05-4990-973e-77464c574a65,O24082025-011,f97d0aa8-730b-4106-b198-9a3a59eeead1,2025-08-24 00:00:00.000,16:19:00,,DONE,Cash,0.00,0.00,67.00,"",99000.00,false,,,2025-08-24 16:45:19.507,2025-08-25 10:52:50.791,4
"89c18890-607f-40b6-a0dc-9a6a03a34c04",O10082025-006,de93f089-7c57-4d08-8669-673958285ebe,2025-08-10 00:00:00.000,10:59:00,,DONE,Transfer,0.00,0.00,10.00,,270000.00,false,,,2025-08-10 11:02:50.798,2025-08-29 10:14:35.346,2
caa93a72-ae9f-4100-9d19-b4f4d9749a4e,O24082025-008,cbc2c58e-2b0a-4968-a16e-aeab3933f6b2,2025-08-24 00:00:00.000,14:13:00,15:36:00,DONE,Transfer,0.00,0.00,10.00,"",270000.00,false,,,2025-08-24 14:19:42.681,2025-08-24 15:53:48.281,5
d6ba45f2-9fc0-4fe8-b70e-36d997951b20,O25082025-001,b57e2e0b-4a35-41fa-b154-06976b699f30,2025-08-25 00:00:00.000,10:00:00,,DONE,Transfer,0.00,0.00,10.00,"",315000.00,false,,,2025-08-25 10:45:54.786,2025-08-25 13:25:42.100,4
ea16e3f6-e2f2-4176-9619-a42a274a3932,O27082025-002,d73d7761-909a-4c47-ad36-ed82fb68d4ea,2025-08-27 00:00:00.000,13:30:00,14:30:00,DONE,Cash,0.00,0.00,10.00,"",135000.00,false,,,2025-08-27 13:42:17.062,2025-08-27 14:41:06.061,5
"6e574e63-f882-476e-a972-a70ad551757d",O29082025-002,e82210de-3e11-49f2-b7c1-52a9d4b33669,2025-08-29 00:00:00.000,15:30:00,,DONE,Transfer,0.00,0.00,10.00,"",270000.00,false,,,2025-08-29 15:31:11.709,2025-08-29 16:37:32.207,4
"345f2e63-3d9a-41ad-9ce7-67840f860d75",O25082025-002,"21dfefbf-c8e5-4848-a9d9-7d7653654679",2025-08-25 00:00:00.000,13:20:00,,DONE,Transfer,0.00,0.00,10.00,"",270000.00,false,,,2025-08-25 13:28:58.211,2025-08-25 13:44:27.682,4
"442d5cad-c5eb-4079-889c-e08947f09d6f",O24082025-003,,2025-08-24 00:00:00.000,10:41:00,,PENDING,Cash,0.00,0.00,10.00,"",5580000.00,false,,,2025-08-24 10:51:31.847,2025-08-24 16:23:33.657,3
"0fc5af2f-4433-4482-a416-e25a407ebf60",O23082025-004,,2025-08-23 00:00:00.000,16:57:00,,DONE,Transfer,0.00,0.00,67.00,"",99000.00,false,,,2025-08-23 17:02:22.645,2025-08-24 10:14:27.922,8
eed37459-9b93-474b-acbb-e15a0b2b7dc3,O23082025-003,f97d0aa8-730b-4106-b198-9a3a59eeead1,2025-08-23 00:00:00.000,14:53:00,,DONE,Cash,0.00,0.00,67.00,"",270000.00,false,,,2025-08-23 14:54:03.120,2025-08-24 16:28:39.968,4
beddaa5a-a89b-4507-9989-83f76ad4b2b4,O29082025-004,,2025-08-29 00:00:00.000,16:36:00,,DONE,Transfer,0.00,0.00,0.00,"",150000.00,false,,,2025-08-29 16:37:07.122,2025-08-29 17:30:38.944,2
b1f7c830-7db7-4f86-af5b-2e5ebfc37a12,O27082025-003,"743bb02b-81c1-4b56-b8ec-b8b89ec96c73",2025-08-27 00:00:00.000,13:40:00,14:56:00,DONE,Cash,0.00,0.00,10.00,"",315000.00,false,,,2025-08-27 13:48:05.116,2025-08-27 14:56:32.606,5
b1f306e1-0a9e-4002-acd7-2a6028bf5642,O24082025-001,c4e7fced-6445-417d-9fea-f396c567278d,2025-08-24 00:00:00.000,09:24:00,10:30:00,DONE,Transfer,0.00,0.00,10.00,"",270000.00,false,,,2025-08-24 10:08:23.517,2025-08-24 11:33:15.271,4
"2e1397b7-3de4-431c-bcaa-723f789d4b24",O24082025-007,"7dd4ad28-bcad-4c73-ae25-f9a1164aa79b",2025-08-24 00:00:00.000,13:51:00,,DONE,Transfer,0.00,0.00,10.00,"",315000.00,false,,,2025-08-24 13:51:14.995,2025-08-24 16:42:40.025,7
c5b7c31f-e027-49e8-96d4-f5bb58f150c4,O24082025-004,,2025-08-24 00:00:00.000,10:45:00,,PENDING,Cash,0.00,0.00,10.00,"",270000.00,false,,,2025-08-24 10:52:16.361,2025-08-27 15:24:12.350,3
"8de6a243-5f53-40e5-bc8c-cdfbbd702fda",O29082025-001,,2025-08-29 00:00:00.000,10:50:00,13:32:00,DONE,Transfer,0.00,0.00,10.00,"",315000.00,false,,,2025-08-29 10:58:13.323,2025-08-29 13:33:11.450,5
c74a7a71-d62f-462a-8053-fefdb36b6bcd,O24082025-006,,2025-08-24 00:00:00.000,01:57:00,,DONE,Transfer,0.00,0.00,10.00,"",315000.00,false,,,2025-08-24 12:58:15.772,2025-08-24 16:58:20.919,4
"45387aac-0349-4d03-927a-dfc253115444",O28082025-004,d169db0f-9c0a-4896-8f64-3e95aa0b3615,2025-08-28 00:00:00.000,13:30:00,,DONE,Transfer,0.00,0.00,10.00,"",270000.00,false,,,2025-08-28 13:31:26.731,2025-08-29 15:00:48.007,4
d6d7a7eb-14f8-4916-97e0-fa1f1988838e,O27082025-004,,2025-08-27 00:00:00.000,15:43:00,04:31:00,DONE,Transfer,0.00,0.00,10.00,"",225000.00,false,,,2025-08-27 15:47:53.830,2025-08-27 16:32:10.914,5
aee2487a-dc33-403d-9487-e833760e267c,O25082025-003,"8dd44650-b1ef-4a02-acc3-3de084af73da",2025-08-25 00:00:00.000,14:40:00,,DONE,Transfer,0.00,0.00,67.00,"",99000.00,false,,,2025-08-25 14:46:57.140,2025-08-25 15:38:04.900,6
"27906a1c-1d75-4acf-8dfd-c14929182be0",O30082025-001,,2025-08-30 00:00:00.000,11:51:00,11:51:00,DONE,Transfer,0.00,0.00,10.00,"",270000.00,false,,,2025-08-30 11:53:00.751,2025-08-31 08:29:52.353,4
fefa9242-4340-4733-9b80-b06df19e9f7b,O31082025-002,,2025-08-31 00:00:00.000,09:16:00,,DONE,Transfer,0.00,0.00,67.00,"",99000.00,false,,,2025-08-31 09:18:35.471,2025-08-31 11:53:05.947,6
afff95cf-3d82-4dfa-b3df-211363014b81,O28082025-001,"9655c890-7035-469b-95c5-78ba376d1108",2025-08-28 00:00:00.000,09:00:00,10:21:00,DONE,Cash,0.00,0.00,10.00,"",315000.00,false,,,2025-08-28 09:00:43.767,2025-08-28 13:08:40.614,5
c854c994-3c3b-458d-8ce7-1100894d25ec,O28082025-002,,2025-08-28 00:00:00.000,09:27:00,00:24:00,DONE,Transfer,0.00,0.00,67.00,"",99000.00,false,,,2025-08-28 09:27:09.771,2025-08-28 13:08:52.667,6
"4e14fe14-96ca-49ef-94f7-c5aa9ad839df",O31082025-003,,2025-08-31 00:00:00.000,09:39:00,,DONE,Transfer,0.00,0.00,67.00,"",99000.00,false,,,2025-08-31 09:59:59.336,2025-08-31 11:53:23.994,6
ddead395-5611-47db-9a2d-8419107e321f,O29082025-003,,2025-08-29 00:00:00.000,16:06:00,,PENDING,Cash,0.00,0.00,10.00,"",270000.00,false,,,2025-08-29 16:08:16.682,2025-08-29 16:08:28.837,3
fad74127-3e59-4d3f-aee5-51d3b4399608,O31082025-004,"21dfefbf-c8e5-4848-a9d9-7d7653654679",2025-08-31 00:00:00.000,13:03:00,,PENDING,Cash,0.00,0.00,0.00,"",150000.00,false,,,2025-08-31 13:53:00.925,2025-08-31 13:53:00.970,1
cd80d6a8-80ec-4b6c-8193-cf4fef316cb5,O30082025-003,"7d4a9843-f72d-4fbc-b69a-b9eae9831c23",2025-08-30 00:00:00.000,17:20:00,18:00:00,DONE,Transfer,0.00,0.00,10.00,xuat hoa don nen ko in dc,135000.00,false,,,2025-08-30 18:00:16.163,2025-08-31 08:28:36.152,4
"3db75c2f-ae34-4cfb-bd63-b49c906f2261",O30082025-002,"6d3ff6b3-4cdf-44ab-b144-9fb0b3a48d83",2025-08-30 00:00:00.000,04:55:00,,DONE,Cash,0.00,0.00,10.00,"",270000.00,false,,,2025-08-30 11:57:08.044,2025-08-31 08:28:58.013,4
f7db7458-5c89-44c1-a6b8-e5ee45f84a8e,O31082025-001,"42a60ace-d8d9-4f5c-ae26-238d1a16cd5e",2025-08-31 00:00:00.000,08:26:00,,DONE,Cash,0.00,0.00,57.00,"",150500.00,false,,,2025-08-31 08:26:57.509,2025-08-31 09:30:55.401,5
"3063d2b7-b420-4813-aa41-aa0a40fea2c4",O03092025-001,a1365efa-92a0-43b1-8015-a39a2c2699f5,2025-09-03 00:00:00.000,10:15:00,11:55:00,PENDING,Cash,0.00,0.00,10.00,"",270000.00,false,,,2025-09-03 10:55:15.268,2025-09-03 10:56:36.798,4
b5c057b2-4519-4767-a310-ed927b065b85,O03092025-002,d1fc73b3-ef74-4056-b6e5-8390b2c5b756,2025-09-03 00:00:00.000,11:08:00,,PENDING,Transfer,0.00,0.00,10.00,"",270000.00,false,,,2025-09-03 15:58:09.540,2025-09-03 15:59:18.304,3
"8348fe98-639e-4103-b5fe-b03e8450bf00",O03092025-004,"9003ea31-cccb-4275-8f07-ec050f29e471",2025-09-03 00:00:00.000,09:03:00,,PENDING,Cash,0.00,0.00,10.00,"",270000.00,false,,,2025-09-03 16:04:27.046,2025-09-03 16:57:54.516,4
"6e50f1b7-279c-49e2-8177-3d63b8cbb81b",O03092025-003,,2025-09-03 00:00:00.000,09:00:00,,DONE,Transfer,0.00,0.00,10.00,"",270000.00,false,,,2025-09-03 16:03:18.966,2025-09-03 17:33:41.187,3
"27267eee-b567-4fe8-a0b9-3529a64ff8ea",O04092025-001,ccb16d05-900c-4ff3-a01e-e734508d889e,2025-09-04 00:00:00.000,11:00:00,00:00:00,PENDING,Cash,0.00,0.00,10.00,"",270000.00,false,,,2025-09-04 11:01:17.895,2025-09-04 11:02:50.459,4
fdb44e77-82ce-4b09-8e43-7355fb0ad4df,O04092025-002,b57e2e0b-4a35-41fa-b154-06976b699f30,2025-09-04 00:00:00.000,07:05:00,,PENDING,Cash,0.00,0.00,10.00,"",315000.00,false,,,2025-09-04 14:06:45.547,2025-09-04 14:07:02.946,3
e4863434-7537-42dd-97a2-c1ef836965a0,O03092025-005,cdbf0c50-e7c2-4f29-905f-55707f30d7f7,2025-09-03 00:00:00.000,17:09:00,17:09:00,PENDING,Transfer,0.00,0.00,500000.00,"",1000000.00,false,,,2025-09-03 17:08:58.135,2025-09-05 07:51:28.204,7
"932284b5-2f99-4096-a91f-df75f721decc",O12092025-001,ac1ab092-6f6e-4dd8-813a-9842722feee4,2025-09-12 00:00:00.000,02:46:00,,PENDING,Transfer,0.00,0.00,10.00,"",270000.00,false,,,2025-09-12 10:06:09.590,2025-09-12 10:06:16.586,3
c02bacd0-299e-487d-afa0-25e30cd5266b,O04092025-003,"331ba962-4876-46b2-984e-1e10798adeb6",2025-09-04 00:00:00.000,14:53:00,15:53:00,PENDING,Cash,0.00,0.00,10.00,"",270000.00,false,,,2025-09-04 15:54:01.913,2025-09-04 15:54:09.065,3
"21850333-170d-49b3-910e-e0d576640cd0",O04092025-004,cdbf0c50-e7c2-4f29-905f-55707f30d7f7,2025-09-04 00:00:00.000,09:02:00,,PENDING,Cash,0.00,0.00,0.00,"",300000.00,true,,,2025-09-04 16:03:59.182,2025-09-04 16:05:32.945,2
f0e3a26f-06fe-4a61-8027-7f3fec0cef2c,O06092025-005,c2036f3d-1d9e-4d06-93b7-d30972cc9c2c,2025-09-06 00:00:00.000,06:19:00,,PENDING,Transfer,0.00,0.00,10.00,"",315000.00,false,,,2025-09-06 13:23:54.567,2025-09-06 13:24:02.864,3
"2f3838be-6bf4-4453-85e0-2b7d2590e820",O04092025-005,cdbf0c50-e7c2-4f29-905f-55707f30d7f7,2025-09-04 00:00:00.000,09:05:00,,PENDING,Cash,0.00,0.00,0.00,"",300000.00,true,,,2025-09-04 16:07:59.721,2025-09-04 16:12:52.543,2
"47e0708a-367f-4cc3-960a-22da05ad50e3",O07092025-003,,2025-09-07 00:00:00.000,05:08:00,,PENDING,Transfer,0.00,0.00,10.00,"",270000.00,false,,,2025-09-07 12:09:02.636,2025-09-07 12:09:11.806,3
"61d1bc44-83ee-47e6-92f7-b21e1d60b7c6",O05092025-001,"14dccbc4-1419-4d7e-8092-64b96acb9438",2025-09-05 00:00:00.000,09:43:00,,PENDING,Transfer,0.00,0.00,10.00,"",153000.00,false,,,2025-09-05 09:44:56.459,2025-09-05 09:46:39.639,4
"6a047307-e7fc-4864-898b-ef08351c8a85",O11092025-002,c6bef878-4569-424a-bae6-2434b01287ac,2025-09-11 00:00:00.000,03:06:00,,PENDING,Transfer,0.00,0.00,10.00,"",225000.00,false,,,2025-09-11 10:07:35.029,2025-09-11 10:07:41.974,3
"6421d9f2-f8c6-4e1e-af7b-b88084c3228b",O06092025-006,"1d974cfb-b052-4696-9502-a6c8a8d62d37",2025-09-06 00:00:00.000,11:12:00,15:23:00,PENDING,Cash,0.00,0.00,10.00,"",270000.00,false,,,2025-09-06 15:12:56.707,2025-09-06 15:23:06.702,4
bf459b89-832f-468e-a7de-55284894dfdd,O05092025-002,"97bf65e4-a6ad-47db-bfca-8e1751e75f27",2025-09-05 00:00:00.000,09:45:00,,PENDING,Cash,0.00,0.00,0.00,"",300000.00,true,,,2025-09-05 09:58:16.650,2025-09-05 09:59:39.860,3
"7269f8b5-8c4f-44b6-bdb9-4adfa0fba588",O06092025-004,,2025-09-06 00:00:00.000,06:13:00,,PENDING,Transfer,0.00,0.00,10.00,"",315000.00,true,,,2025-09-06 13:14:42.242,2025-09-06 15:39:10.277,4
b3208d74-4c31-42cf-801a-299b3080fcb0,O05092025-003,"97bf65e4-a6ad-47db-bfca-8e1751e75f27",2025-09-05 00:00:00.000,09:45:00,,PENDING,Transfer,0.00,0.00,10.00,"",270000.00,false,,,2025-09-05 10:02:51.348,2025-09-05 10:03:37.312,3
"7eff1a46-6580-41ff-8be5-64843046cd36",O07092025-004,eb31384c-4568-4763-8e1c-d4a34e4ce683,2025-09-07 00:00:00.000,05:09:00,,PENDING,Transfer,0.00,0.00,10.00,"",270000.00,false,,,2025-09-07 12:10:29.512,2025-09-07 12:10:34.930,3
"63ce27a6-f178-49ad-91a2-b7e7d533b745",O06092025-007,,2025-09-06 00:00:00.000,08:39:00,,PENDING,Cash,0.00,0.00,10.00,"",270000.00,false,,,2025-09-06 15:40:12.239,2025-09-06 15:40:20.153,3
bd9c5f60-abea-4304-98b9-fa3c3c46e7f0,O05092025-004,f00f3b77-e13f-4bec-9c2c-e9c9cf6d0e68,2025-09-05 00:00:00.000,10:53:00,,PENDING,Cash,0.00,0.00,10.00,"",270000.00,false,,,2025-09-05 10:52:47.509,2025-09-05 10:56:26.083,4
"013f0357-4aa6-4daa-b4fd-8892fa1d2529",O05092025-005,"0d9d7f76-74b2-43b6-a9ea-a9a73cd5e895",2025-09-05 00:00:00.000,06:06:00,,PENDING,Transfer,0.00,0.00,10.00,"",270000.00,false,,,2025-09-05 13:12:19.076,2025-09-05 13:12:27.593,3
"27a61354-a361-46f2-898c-e46d1d6638f0",O12092025-005,,2025-09-12 00:00:00.000,09:35:00,,PENDING,Transfer,0.00,0.00,10.00,"",270000.00,false,,,2025-09-12 16:36:57.352,2025-09-12 16:37:04.774,3
b4a23007-a8f5-4bc9-8d85-09e80df04fd7,O06092025-001,ed9f0730-d9d8-4382-8775-bbace2b8f7fa,2025-09-06 00:00:00.000,09:00:00,10:20:00,PENDING,Cash,0.00,0.00,10.00,"",270000.00,false,,,2025-09-06 09:46:04.320,2025-09-06 10:02:50.869,4
d200a089-f480-404e-8219-b78d52340cca,O06092025-009,"35f50a14-f3d9-445b-92d0-ca90bd0744ed",2025-09-06 00:00:00.000,09:08:00,,PENDING,Cash,0.00,0.00,10.00,"",270000.00,false,,,2025-09-06 16:10:05.151,2025-09-06 16:10:22.718,3
"691455df-ef98-4192-9b24-93fd16c98aef",O06092025-002,"18715ca6-322b-4a1a-86b1-24a1bdf36064",2025-09-06 00:00:00.000,03:04:00,,PENDING,Transfer,0.00,0.00,10.00,"",270000.00,false,,,2025-09-06 10:05:45.874,2025-09-06 10:05:56.537,3
"630d66d7-b9bf-4f6a-8155-0a55b9ff9845",O10092025-001,"3416344b-4816-4a68-b86a-f0308ce954fe",2025-09-10 00:00:00.000,03:05:00,,PENDING,Cash,0.00,0.00,10.00,"",270000.00,false,,,2025-09-10 10:10:21.407,2025-09-10 10:10:29.117,3
"77c25140-dc29-4ff0-ae3f-d47e2b31ce83",O06092025-003,d73d7761-909a-4c47-ad36-ed82fb68d4ea,2025-09-06 00:00:00.000,06:07:00,,PENDING,Transfer,0.00,0.00,10.00,"",270000.00,false,,,2025-09-06 13:08:20.501,2025-09-06 13:08:27.450,3
"329ddb17-aa01-438b-9bb4-aadb5b9027d5",O06092025-008,"6f86d4d0-b728-4b28-8e35-88b91d69694f",2025-09-06 00:00:00.000,16:00:00,17:00:00,PENDING,Cash,0.00,0.00,10.00,"",270000.00,false,,,2025-09-06 15:50:37.539,2025-09-06 17:19:05.671,4
"47b3889b-4715-4ff2-bbd4-3946f238c302",O10092025-002,"10928b8c-e9a7-42a0-bacb-85abe50b1c46",2025-09-10 00:00:00.000,03:15:00,,PENDING,Cash,0.00,0.00,0.00,"",1200000.00,false,,,2025-09-10 11:45:54.846,2025-09-10 11:45:54.889,1
"2b2dec1a-b27c-42ea-a537-5770ae9ca1d9",O11092025-003,c6bef878-4569-424a-bae6-2434b01287ac,2025-09-11 00:00:00.000,03:07:00,,PENDING,Transfer,0.00,0.00,10.00,"",315000.00,false,,,2025-09-11 10:09:16.201,2025-09-11 10:09:22.674,3
"1b5e5eb9-7f95-4b3d-9bcf-3ff1e30cf05f",O06092025-010,,2025-09-06 00:00:00.000,16:00:00,17:30:00,PENDING,Cash,0.00,0.00,10.00,"",270000.00,false,,,2025-09-06 17:20:10.836,2025-09-06 17:20:18.875,3
c6a5f947-449b-4b15-b643-7954ba2d51f4,O10092025-003,"432fadec-f029-4c3a-bf68-7def1eaaf3f6",2025-09-10 00:00:00.000,04:49:00,,PENDING,Cash,0.00,0.00,10.00,"",270000.00,false,,,2025-09-10 14:33:48.001,2025-09-10 14:33:55.940,3
d0027a16-de62-4aa3-84c4-0ed3a822e496,O07092025-001,"4eeb3b39-06ea-4bb0-b6b6-b54d6aad8815",2025-09-07 00:00:00.000,02:29:00,,PENDING,Cash,0.00,0.00,10.00,"",270000.00,false,,,2025-09-07 09:31:54.963,2025-09-07 09:32:00.386,3
"80391899-545c-42b6-903b-aa5eab043af8",O12092025-002,ab6aba2a-2c2a-44ca-8d8c-70934582950b,2025-09-12 00:00:00.000,04:25:00,,PENDING,Cash,0.00,0.00,10.00,"",270000.00,false,,,2025-09-12 11:26:51.221,2025-09-12 11:26:58.870,3
ae7468a3-8856-48e7-a44d-e114ce02c81f,O07092025-002,,2025-09-07 00:00:00.000,02:44:00,,PENDING,Transfer,0.00,0.00,10.00,"",270000.00,false,,,2025-09-07 12:07:41.069,2025-09-07 12:07:47.673,3
"277f7024-dcea-4c52-a321-a4886b38132e",O11092025-004,,2025-09-11 00:00:00.000,08:31:00,,PENDING,Cash,0.00,0.00,10.00,"",270000.00,false,,,2025-09-11 15:34:02.358,2025-09-11 15:34:08.806,3
"7a8d9347-4079-4fbc-927d-428010b31a25",O10092025-004,d30c9246-1552-4692-bdc9-dbdf0d9ec2d5,2025-09-10 00:00:00.000,07:34:00,,PENDING,Cash,0.00,0.00,10.00,"",270000.00,false,,,2025-09-10 14:36:28.195,2025-09-11 07:57:50.877,4
"1125a31a-b6d4-417f-bc6a-5b3415f96b3e",O11092025-001,af3cee20-6c52-41be-af05-68bd02869c1c,2025-09-11 00:00:00.000,02:05:00,,PENDING,Transfer,0.00,0.00,10.00,"",135000.00,false,,,2025-09-11 09:06:42.917,2025-09-11 09:06:50.132,3
"29efd26e-56e5-4b9f-a4a9-cdbe5e5bdd1a",O14092025-002,b21a2c9c-4d3c-42de-9d44-a15e40ece90e,2025-09-14 00:00:00.000,03:22:00,,PENDING,Cash,0.00,0.00,10.00,"",315000.00,false,,,2025-09-14 10:23:36.264,2025-09-14 10:23:42.289,3
b2978b94-1181-4220-aad3-99e83e23143f,O12092025-003,b57e2e0b-4a35-41fa-b154-06976b699f30,2025-09-12 00:00:00.000,06:03:00,,PENDING,Transfer,0.00,0.00,10.00,"",315000.00,false,,,2025-09-12 13:05:20.334,2025-09-12 13:05:28.492,3
a4262aa5-7ab3-40e4-bc7f-f29781187207,O11092025-005,,2025-09-11 00:00:00.000,08:34:00,,DONE,Transfer,0.00,0.00,10.00,"",270000.00,false,,,2025-09-11 15:35:15.458,2025-09-12 07:51:59.358,5
"95d6a688-25aa-4266-bce7-1432653bf1b9",O13092025-001,"946201e6-dd09-4ce8-8bbd-6c3dbca8083e",2025-09-13 00:00:00.000,05:03:00,,PENDING,Cash,0.00,0.00,10.00,"",270000.00,false,,,2025-09-13 12:06:12.411,2025-09-13 12:06:20.478,3
"9ad9f3c5-14ec-40ec-b240-b021de035102",O12092025-004,,2025-09-12 00:00:00.000,07:19:00,,PENDING,Cash,0.00,0.00,0.00,"",2500000.00,false,,,2025-09-12 14:21:18.994,2025-09-12 14:21:19.030,1
"69514c21-e4a8-4f61-9752-6e8582acd33a",O13092025-003,b176e3e8-c792-4888-aaa9-fd1e53ae7b2f,2025-09-13 00:00:00.000,05:08:00,,PENDING,Cash,0.00,0.00,10.00,"",270000.00,false,,,2025-09-13 12:09:21.145,2025-09-13 12:09:27.435,3
"2884079c-0521-444a-a82d-5072ec71a2a9",O14092025-001,a1365efa-92a0-43b1-8015-a39a2c2699f5,2025-09-14 00:00:00.000,03:19:00,,PENDING,Cash,0.00,0.00,10.00,"",135000.00,false,,,2025-09-14 10:19:46.702,2025-09-14 10:19:54.027,3
"357c23f6-ed77-48c3-a202-62908a0956eb",O13092025-002,a79bcad1-5a28-4e50-a2bc-d5d64f6b294b,2025-09-13 00:00:00.000,05:06:00,,PENDING,Cash,0.00,0.00,10.00,"",270000.00,false,,,2025-09-13 12:07:57.930,2025-09-13 12:08:06.702,3
"0118487d-cce7-4461-99a6-a28db86ad829",O13092025-004,"8201f4bf-3d62-4632-982f-ab7e2294a467",2025-09-13 00:00:00.000,05:15:00,,PENDING,Cash,0.00,0.00,10.00,"",225000.00,false,,,2025-09-13 12:54:26.585,2025-09-13 12:54:32.898,3
"27f8bbf9-226a-4e17-98c3-8c746d651cea",O13092025-005,,2025-09-13 00:00:00.000,05:54:00,,PENDING,Cash,0.00,0.00,10.00,"",270000.00,false,,,2025-09-13 12:56:17.554,2025-09-13 12:56:46.731,5
"034a10cd-aec3-493b-92b1-9b12b2f3ebac",O14092025-003,,2025-09-14 00:00:00.000,05:00:00,,PENDING,Cash,0.00,0.00,10.00,"",315000.00,false,,,2025-09-14 12:01:12.785,2025-09-14 12:01:24.258,3
"43851fbc-da16-43ba-b323-1810b9a16d66",O14092025-004,"74480e93-444c-4a42-b421-696fe3999ed7",2025-09-14 00:00:00.000,05:04:00,,PENDING,Cash,0.00,0.00,10.00,"",270000.00,false,,,2025-09-14 12:05:46.410,2025-09-14 12:05:52.031,3
"52256253-4828-4e4f-8e54-a63a5a71fed3",O14092025-005,de93f089-7c57-4d08-8669-673958285ebe,2025-09-14 00:00:00.000,07:43:00,,PENDING,Cash,0.00,0.00,10.00,"",270000.00,false,,,2025-09-14 14:44:27.445,2025-09-14 14:45:00.554,5
"640b479d-d290-4f92-a3cc-b4a54e9d741e",O14092025-006,,2025-09-14 00:00:00.000,08:53:00,,PENDING,Transfer,0.00,0.00,10.00,"",315000.00,false,,,2025-09-14 15:55:16.841,2025-09-14 15:55:24.048,3
"4d00d52e-7a24-4e5f-8842-c8aa679e530b",O14092025-007,"38e1a838-609c-43ca-a843-4a23dc95b16a",2025-09-14 00:00:00.000,08:59:00,,PENDING,Cash,0.00,0.00,10.00,"",270000.00,false,,,2025-09-14 16:39:15.035,2025-09-14 16:39:24.905,3
"6d230ecf-68d6-46b9-8117-238f535a59f7",O14092025-008,"7feaafa0-f10a-482c-863d-7c3ce57b8490",2025-09-14 00:00:00.000,09:47:00,,PENDING,Cash,0.00,0.00,10.00,"",270000.00,false,,,2025-09-14 16:48:57.866,2025-09-14 16:49:05.837,3
a9ce4eec-0f20-42f5-bbfc-ce971ce0b80a,O15092025-001,"1cd1f710-f496-4686-984a-96a76acb4405",2025-09-15 00:00:00.000,02:28:00,,PENDING,Transfer,0.00,0.00,10.00,"",315000.00,false,,,2025-09-15 09:31:25.282,2025-09-15 09:31:33.338,3
"756a84c8-d570-428a-ab3e-a16e979112e4",O15092025-002,c069b11a-78ef-4a4c-892d-902dc0a09a47,2025-09-15 00:00:00.000,10:21:00,,PENDING,Transfer,0.00,0.00,10.00,"",270000.00,false,,,2025-09-15 17:24:37.188,2025-09-15 17:24:45.120,3
"637bbed5-bf8e-4794-97a7-e14be504b69c",O17092025-001,b57e2e0b-4a35-41fa-b154-06976b699f30,2025-09-17 00:00:00.000,02:02:00,,PENDING,Transfer,0.00,0.00,10.00,"",315000.00,false,,,2025-09-17 09:02:52.704,2025-09-17 09:03:00.112,3
"97c1b2d0-dfe7-4b57-9e80-89a20ee29966",O17092025-002,"585f9202-06f2-423f-a8a0-6d59f726159a",2025-09-17 00:00:00.000,02:03:00,,PENDING,Transfer,0.00,0.00,10.00,"",315000.00,false,,,2025-09-17 09:04:38.635,2025-09-17 09:04:45.558,3
cb2bf139-61c5-40be-96de-d6660c820009,O17092025-003,d169db0f-9c0a-4896-8f64-3e95aa0b3615,2025-09-17 00:00:00.000,07:42:00,,PENDING,Transfer,0.00,0.00,10.00,"",270000.00,false,,,2025-09-17 14:42:41.710,2025-09-17 14:42:49.848,3
