OSD11082025001,OD-20250810-006,SC0005,false,admin,,2025-08-11 23:58:22.823,2025-08-11 23:58:22.823,0
OSD11082025002,OD-20250810-005,SC0005,false,admin,,2025-08-11 23:58:22.823,2025-08-11 23:58:22.823,0
OSD11082025003,OD-20250810-004,SC0005,false,admin,,2025-08-11 23:58:22.823,2025-08-11 23:58:22.823,0
OSD11082025004,OD-20250810-003,SC0005,false,admin,,2025-08-11 23:58:22.823,2025-08-11 23:58:22.823,0
OSD11082025005,OD-20250810-002,SC0005,false,admin,,2025-08-11 23:58:22.823,2025-08-11 23:58:22.823,0
OSD11082025006,OD-20250810-001,SC0005,false,admin,,2025-08-11 23:58:22.823,2025-08-11 23:58:22.823,0
OSD11082025007,OD-20250809-006,SC0005,false,admin,,2025-08-11 23:58:22.823,2025-08-11 23:58:22.823,0
OSD11082025008,OD-20250809-005,SC0005,false,admin,,2025-08-11 23:58:22.823,2025-08-11 23:58:22.823,0
OSD11082025009,OD-20250809-004,SC0005,false,admin,,2025-08-11 23:58:22.823,2025-08-11 23:58:22.823,0
OSD11082025010,OD-20250809-003,SC0002,false,admin,,2025-08-11 23:58:22.823,2025-08-11 23:58:22.823,0
OSD11082025011,OD-20250809-002,SC0002,false,admin,,2025-08-11 23:58:22.823,2025-08-11 23:58:22.823,0
OSD11082025012,OD-20250809-001,SC0002,false,admin,,2025-08-11 23:58:22.823,2025-08-11 23:58:22.823,0
OSD11082025013,OD-20250808-003,SC0005,false,admin,,2025-08-11 23:58:22.823,2025-08-11 23:58:22.823,0
OSD11082025014,OD-20250808-002,SC0004,false,admin,,2025-08-11 23:58:22.823,2025-08-11 23:58:22.823,0
OSD11082025015,OD-20250808-001,SC0005,false,admin,,2025-08-11 23:58:22.823,2025-08-11 23:58:22.823,0
OSD11082025016,OD-20250807-003,SC0005,false,admin,,2025-08-11 23:58:22.823,2025-08-11 23:58:22.823,0
OSD11082025017,OD-20250807-002,SC0005,false,admin,,2025-08-11 23:58:22.823,2025-08-11 23:58:22.823,0
OSD11082025018,OD-20250807-001,SC0005,false,admin,,2025-08-11 23:58:22.823,2025-08-11 23:58:22.823,0
OSD11082025019,OD-20250806-005,SC0002,false,admin,,2025-08-11 23:58:22.823,2025-08-11 23:58:22.823,0
OSD11082025020,OD-20250805-004,SC0002,false,admin,,2025-08-11 23:58:22.823,2025-08-11 23:58:22.823,0
OSD11082025021,OD-20250805-003,SC0005,false,admin,,2025-08-11 23:58:22.823,2025-08-11 23:58:22.823,0
OSD11082025022,OD-20250805-002,SC0006,false,admin,,2025-08-11 23:58:22.823,2025-08-11 23:58:22.823,0
OSD11082025023,OD-20250805-001,SC0005,false,admin,,2025-08-11 23:58:22.823,2025-08-11 23:58:22.823,0
OSD11082025024,OD-20250804-003,SC0008,false,admin,,2025-08-11 23:58:22.823,2025-08-11 23:58:22.823,0
OSD11082025025,OD-20250804-002,SC0029,false,admin,,2025-08-11 23:58:22.823,2025-08-11 23:58:22.823,0
OSD11082025026,OD-20250804-001,SC0008,false,admin,,2025-08-11 23:58:22.823,2025-08-11 23:58:22.823,0
OSD11082025027,OD-20250801-002,SC0005,false,admin,,2025-08-11 23:58:22.823,2025-08-11 23:58:22.823,0
OSD11082025028,OD-20250801-001,SC0005,false,admin,,2025-08-11 23:58:22.823,2025-08-11 23:58:22.823,0
OSD11082025029,OD-20250731-005,SC0005,false,admin,,2025-08-11 23:58:22.823,2025-08-11 23:58:22.823,0
OSD11082025030,OD-20250731-004,SC0005,false,admin,,2025-08-11 23:58:22.823,2025-08-11 23:58:22.823,0
OSD11082025031,OD-20250731-003,SC0005,false,admin,,2025-08-11 23:58:22.823,2025-08-11 23:58:22.823,0
OSD11082025032,OD-20250731-002,SC0005,false,admin,,2025-08-11 23:58:22.823,2025-08-11 23:58:22.823,0
OSD11082025033,OD-20250731-001,SC0005,false,admin,,2025-08-11 23:58:22.823,2025-08-11 23:58:22.823,0
OSD11082025034,OD-20250730-005,SC0005,false,admin,,2025-08-11 23:58:22.823,2025-08-11 23:58:22.823,0
OSD11082025035,OD-20250730-004,SC0002,false,admin,,2025-08-11 23:58:22.823,2025-08-11 23:58:22.823,0
OSD11082025036,OD-20250730-003,SC0005,false,admin,,2025-08-11 23:58:22.823,2025-08-11 23:58:22.823,0
OSD11082025037,OD-20250730-002,SC0005,false,admin,,2025-08-11 23:58:22.823,2025-08-11 23:58:22.823,0
OSD11082025038,OD-20250730-001,SC0005,false,admin,,2025-08-11 23:58:22.823,2025-08-11 23:58:22.823,0
OSD11082025039,OD-20250729-002,SC0005,false,admin,,2025-08-11 23:58:22.823,2025-08-11 23:58:22.823,0
OSD11082025040,OD-20250729-001,SC0005,false,admin,,2025-08-11 23:58:22.823,2025-08-11 23:58:22.823,0
OSD11082025041,OD-20250727-010,SC0005,false,admin,,2025-08-11 23:58:22.823,2025-08-11 23:58:22.823,0
OSD11082025042,OD-20250727-009,SC0002,false,admin,,2025-08-11 23:58:22.823,2025-08-11 23:58:22.823,0
OSD11082025043,OD-20250727-008,SC0002,false,admin,,2025-08-11 23:58:22.823,2025-08-11 23:58:22.823,0
OSD11082025044,OD-20250727-007,SC0005,false,admin,,2025-08-11 23:58:22.823,2025-08-11 23:58:22.823,0
OSD11082025045,OD-20250727-006,SC0002,false,admin,,2025-08-11 23:58:22.823,2025-08-11 23:58:22.823,0
OSD11082025046,OD-20250727-005,SC0005,false,admin,,2025-08-11 23:58:22.823,2025-08-11 23:58:22.823,0
OSD11082025047,OD-20250727-004,SC0005,false,admin,,2025-08-11 23:58:22.823,2025-08-11 23:58:22.823,0
OSD11082025048,OD-20250727-003,SC0005,false,admin,,2025-08-11 23:58:22.823,2025-08-11 23:58:22.823,0
OSD11082025049,OD-20250727-002,SC0002,false,admin,,2025-08-11 23:58:22.823,2025-08-11 23:58:22.823,0
OSD11082025050,OD-20250727-001,SC0005,false,admin,,2025-08-11 23:58:22.823,2025-08-11 23:58:22.823,0
OSD11082025051,OD-20250726-009,SC0002,false,admin,,2025-08-11 23:58:22.823,2025-08-11 23:58:22.823,0
OSD11082025052,OD-20250726-008,SC0005,false,admin,,2025-08-11 23:58:22.823,2025-08-11 23:58:22.823,0
OSD11082025053,OD-20250726-007,SC0005,false,admin,,2025-08-11 23:58:22.823,2025-08-11 23:58:22.823,0
OSD11082025054,OD-20250726-006,SC0005,false,admin,,2025-08-11 23:58:22.823,2025-08-11 23:58:22.823,0
OSD11082025055,OD-20250726-005,SC0005,false,admin,,2025-08-11 23:58:22.823,2025-08-11 23:58:22.823,0
OSD11082025056,OD-20250726-004,SC0005,false,admin,,2025-08-11 23:58:22.823,2025-08-11 23:58:22.823,0
OSD11082025057,OD-20250726-003,SC0005,false,admin,,2025-08-11 23:58:22.823,2025-08-11 23:58:22.823,0
OSD11082025058,OD-20250726-002,SC0005,false,admin,,2025-08-11 23:58:22.823,2025-08-11 23:58:22.823,0
OSD11082025059,OD-20250726-001,SC0002,false,admin,,2025-08-11 23:58:22.823,2025-08-11 23:58:22.823,0
OSD11082025060,OD-20250722-002,SC0005,false,admin,,2025-08-11 23:58:22.823,2025-08-11 23:58:22.823,0
OSD11082025061,OD-20250722-001,SC0011,false,admin,,2025-08-11 23:58:22.823,2025-08-11 23:58:22.823,0
OSD12082025001,OD-12082025-001,SC0005,false,,,2025-08-12 14:02:59.701,2025-08-12 14:02:59.701,0
OSD13082025001,OD-13082025-001,SC0005,false,,,2025-08-13 09:32:34.792,2025-08-13 09:32:34.792,0
OSD13082025002,OD-13082025-002,SC0006,false,,,2025-08-13 09:39:14.023,2025-08-13 09:39:14.023,0
OSD13082025003,OD-13082025-003,SC0005,false,,,2025-08-13 14:00:30.137,2025-08-13 14:00:30.137,0
OSD13082025004,OD-13082025-004,SC0005,false,,,2025-08-13 14:16:10.623,2025-08-13 14:16:10.623,0
OSD13082025005,OD-13082025-005,SC0005,false,,,2025-08-13 17:26:37.006,2025-08-13 17:26:37.006,0
OSD14082025001,OD-14082025-001,SC0005,false,,,2025-08-14 12:54:04.484,2025-08-14 12:54:04.484,0
OSD14082025002,OD-14082025-002,SC0005,false,,,2025-08-14 15:43:20.924,2025-08-14 15:43:20.924,0
OSD15082025001,OD-15082025-001,SC0002,false,,,2025-08-15 09:04:53.328,2025-08-15 09:04:53.328,0
OSD15082025002,OD-15082025-002,SC0006,false,,,2025-08-15 09:31:53.467,2025-08-15 09:31:53.467,0
OSD15082025003,OD-15082025-003,SC0005,false,,,2025-08-15 11:11:26.705,2025-08-15 11:11:26.705,0
OSD15082025004,OD-15082025-004,SC0006,false,,,2025-08-15 13:43:21.640,2025-08-15 13:43:21.640,0
OSD16082025001,OD-16082025-001,SC0005,false,,,2025-08-16 10:16:50.349,2025-08-16 10:16:50.349,0
OSD16082025002,OD-16082025-002,SC0005,false,,,2025-08-16 11:01:20.210,2025-08-16 11:01:20.210,0
OSD16082025003,OD-16082025-003,SC0005,false,,,2025-08-16 13:26:47.582,2025-08-16 13:26:47.582,0
OSD17082025001,OD-17082025-001,SC0005,false,,,2025-08-17 10:41:13.497,2025-08-17 10:41:13.497,0
OSD17082025002,OD-17082025-002,SC0005,false,,,2025-08-17 10:52:59.280,2025-08-17 10:52:59.280,0
OSD17082025003,OD-17082025-003,SC0005,false,,,2025-08-17 11:57:35.461,2025-08-17 11:57:35.461,0
OSD17082025005,OD-17082025-005,SC0005,false,,,2025-08-17 13:58:13.221,2025-08-17 13:58:13.221,0
OSD17082025006,OD-17082025-004,SC0002,false,,,2025-08-17 14:15:25.569,2025-08-17 14:15:25.569,0
OSD17082025007,OD-17082025-006,SC0002,false,,,2025-08-17 15:10:18.581,2025-08-17 15:10:18.581,0
OSD17082025008,OD-17082025-007,SC0005,false,,,2025-08-17 15:55:59.222,2025-08-17 15:55:59.222,0
OSD17082025009,OD-17082025-008,SC0002,false,,,2025-08-17 17:38:11.465,2025-08-17 17:38:11.465,0
OSD18082025001,OD-18082025-001,SC0005,false,,,2025-08-18 09:00:23.836,2025-08-18 09:00:23.836,0
OSD18082025002,OD-18082025-002,SC0004,false,,,2025-08-18 11:06:35.794,2025-08-18 11:06:35.794,0
OSD18082025004,OD-18082025-003,SC0006,false,,,2025-08-18 12:21:06.011,2025-08-18 12:21:06.011,0
OSD18082025005,OD-18082025-004,SC0006,false,,,2025-08-18 12:23:54.774,2025-08-18 12:23:54.774,0
OSD18082025006,OD-18082025-005,SC0005,false,,,2025-08-18 15:24:52.088,2025-08-18 15:24:52.088,0
OSD18082025007,OD-18082025-006,SC0005,false,,,2025-08-18 15:25:47.154,2025-08-18 15:25:47.154,0
OSD20082025001,OD-20082025-001,SC0004,false,,,2025-08-20 09:01:43.231,2025-08-20 09:01:43.231,0
OSD20082025002,OD-20082025-002,SC0005,false,,,2025-08-20 10:07:44.561,2025-08-20 10:07:44.561,0
OSD20082025003,OD-20082025-003,SC0005,false,,,2025-08-20 11:24:13.019,2025-08-20 11:24:13.019,0
OSD20082025004,OD-20082025-004,SC0002,false,,,2025-08-20 14:05:39.966,2025-08-20 14:05:39.966,0
OSD20082025005,OD-20082025-005,SC0009,false,,,2025-08-20 14:43:55.517,2025-08-20 14:43:55.517,0
OSD20082025006,OD-20082025-006,SC0005,false,,,2025-08-20 15:14:19.435,2025-08-20 15:14:19.435,0
OSD21082025001,OD-21082025-001,SC0002,false,,,2025-08-21 16:56:00.812,2025-08-21 16:56:00.812,0
OSD22082025001,OD-22082025-001,SC0002,false,,,2025-08-22 08:37:04.278,2025-08-22 08:37:04.278,0
OSD22082025002,OD-22082025-002,SC0002,false,,,2025-08-22 08:57:02.921,2025-08-22 08:57:02.921,0
OSD22082025003,OD-20082025-005,SC0012,false,,,2025-08-22 09:24:56.506,2025-08-22 09:24:56.506,0
OSD22082025004,OD-22082025-003,SC0005,false,,,2025-08-22 10:41:15.365,2025-08-22 10:41:15.365,0
OSD22082025005,OD-22082025-004,SC0002,false,,,2025-08-22 13:06:03.698,2025-08-22 13:06:03.698,0
OSD22082025006,OD-22082025-005,SC0003,false,,,2025-08-22 13:14:46.019,2025-08-22 13:14:46.019,0
OSD22082025007,OD-22082025-006,SC0005,false,,,2025-08-22 14:53:10.389,2025-08-22 14:53:10.389,0
OSD22082025009,OD-22082025-007,SC0002,false,,,2025-08-22 16:44:59.257,2025-08-22 16:44:59.257,0
OSD23082025001,OD-23082025-001,SC0005,false,,,2025-08-23 10:35:09.324,2025-08-23 10:35:09.324,0
OSD23082025002,OD-23082025-002,SC0008,false,,,2025-08-23 14:07:15.377,2025-08-23 14:07:15.377,0
OSD23082025003,OD-23082025-003,SC0005,false,,,2025-08-23 14:54:03.084,2025-08-23 14:54:03.084,0
OSD23082025004,OD-23082025-004,SC0005,false,,,2025-08-23 17:02:22.589,2025-08-23 17:02:22.589,0
OSD24082025001,OD-24082025-001,SC0005,false,,,2025-08-24 10:08:23.486,2025-08-24 10:08:23.486,0
OSD24082025002,OD-24082025-002,SC0005,false,,,2025-08-24 10:12:38.074,2025-08-24 10:12:38.074,0
OSD24082025003,OD-24082025-003,SC0011,false,,,2025-08-24 10:51:31.801,2025-08-24 10:51:31.801,0
OSD24082025004,OD-24082025-003,SC0023,false,,,2025-08-24 10:51:31.801,2025-08-24 10:51:31.801,0
OSD24082025005,OD-24082025-003,SC0053,false,,,2025-08-24 10:51:31.801,2025-08-24 10:51:31.801,0
OSD24082025006,OD-24082025-004,SC0005,false,,,2025-08-24 10:52:16.351,2025-08-24 10:52:16.351,0
OSD24082025007,OD-24082025-005,SC0005,false,,,2025-08-24 12:56:17.566,2025-08-24 12:56:17.566,0
OSD24082025010,OD-24082025-008,SC0005,false,,,2025-08-24 14:19:42.659,2025-08-24 14:19:42.659,0
OSD24082025011,OD-24082025-009,SC0005,false,,,2025-08-24 14:48:37.204,2025-08-24 14:48:37.204,0
OSD24082025012,OD-24082025-007,SC0006,false,,,2025-08-24 16:14:06.816,2025-08-24 16:14:06.816,0
OSD24082025013,OD-24082025-010,SC0005,false,,,2025-08-24 16:43:57.799,2025-08-24 16:43:57.799,0
OSD24082025014,OD-24082025-011,SC0005,false,,,2025-08-24 16:45:19.494,2025-08-24 16:45:19.494,0
OSD24082025015,OD-24082025-006,SC0006,false,,,2025-08-24 16:58:13.686,2025-08-24 16:58:13.686,0
OSD25082025001,OD-25082025-001,SC0006,false,,,2025-08-25 10:45:54.702,2025-08-25 10:45:54.702,0
OSD25082025002,OD-25082025-002,SC0005,false,,,2025-08-25 13:28:58.179,2025-08-25 13:28:58.179,0
OSD25082025003,OD-25082025-003,SC0005,false,,,2025-08-25 14:46:57.098,2025-08-25 14:46:57.098,0
OSD27082025001,OD-27082025-001,SC0006,false,,,2025-08-27 09:31:24.998,2025-08-27 09:31:24.998,0
OSD27082025002,OD-27082025-002,SC0002,false,,,2025-08-27 13:42:17.013,2025-08-27 13:42:17.013,0
OSD27082025003,OD-27082025-003,SC0006,false,,,2025-08-27 13:48:05.091,2025-08-27 13:48:05.091,0
OSD27082025004,OD-27082025-004,SC0004,false,,,2025-08-27 15:47:53.789,2025-08-27 15:47:53.789,0
OSD27082025005,OD-27082025-005,SC0005,false,,,2025-08-27 16:35:41.423,2025-08-27 16:35:41.423,0
OSD28082025001,OD-28082025-001,SC0006,false,,,2025-08-28 09:00:43.675,2025-08-28 09:00:43.675,0
OSD28082025002,OD-28082025-002,SC0005,false,,,2025-08-28 09:27:09.760,2025-08-28 09:27:09.760,0
OSD28082025003,OD-28082025-003,SC0005,false,,,2025-08-28 13:03:18.491,2025-08-28 13:03:18.491,0
OSD28082025004,OD-28082025-004,SC0005,false,,,2025-08-28 13:31:26.722,2025-08-28 13:31:26.722,0
OSD29082025001,OD-29082025-001,SC0006,false,,,2025-08-29 10:58:13.248,2025-08-29 10:58:13.248,0
OSD29082025002,OD-29082025-002,SC0005,false,,,2025-08-29 15:31:11.673,2025-08-29 15:31:11.673,0
OSD29082025003,OD-29082025-003,SC0005,false,,,2025-08-29 16:08:16.660,2025-08-29 16:08:16.660,0
OSD29082025004,OD-29082025-004,SC0002,false,,,2025-08-29 16:37:07.109,2025-08-29 16:37:07.109,0
OSD30082025001,OD-30082025-001,SC0005,false,,,2025-08-30 11:53:00.737,2025-08-30 11:53:00.737,0
OSD30082025002,OD-30082025-002,SC0005,false,,,2025-08-30 11:57:08.022,2025-08-30 11:57:08.022,0
OSD30082025003,OD-30082025-003,SC0002,false,,,2025-08-30 18:00:16.145,2025-08-30 18:00:16.145,0
OSD31082025001,OD-31082025-001,SC0006,false,,,2025-08-31 08:26:57.455,2025-08-31 08:26:57.455,0
OSD31082025002,OD-31082025-002,SC0005,false,,,2025-08-31 09:18:35.370,2025-08-31 09:18:35.370,0
OSD31082025003,OD-31082025-003,SC0005,false,,,2025-08-31 09:59:59.304,2025-08-31 09:59:59.304,0
OSD31082025004,OD-31082025-004,SC0002,false,,,2025-08-31 13:53:00.896,2025-08-31 13:53:00.896,0
OSD03092025001,OD-03092025-001,SC0005,false,,,2025-09-03 10:55:15.162,2025-09-03 10:55:15.162,0
OSD03092025002,OD-03092025-002,SC0005,false,,,2025-09-03 15:58:09.516,2025-09-03 15:58:09.516,0
OSD03092025003,OD-03092025-003,SC0005,false,,,2025-09-03 16:03:18.959,2025-09-03 16:03:18.959,0
OSD03092025004,OD-03092025-004,SC0005,false,,,2025-09-03 16:04:27.036,2025-09-03 16:04:27.036,0
OSD03092025005,OD-03092025-005,SC0005,false,,,2025-09-03 17:08:58.123,2025-09-03 17:08:58.123,0
OSD04092025001,OD-03092025-005,SC0023,false,,,2025-09-04 07:55:33.829,2025-09-04 07:55:33.829,0
OSD04092025002,OD-04092025-001,SC0005,false,,,2025-09-04 11:01:17.861,2025-09-04 11:01:17.861,0
OSD04092025003,OD-04092025-002,SC0006,false,,,2025-09-04 14:06:45.530,2025-09-04 14:06:45.530,0
OSD04092025004,OD-04092025-003,SC0005,false,,,2025-09-04 15:54:01.898,2025-09-04 15:54:01.898,0
OSD04092025005,OD-04092025-004,SC0005,false,,,2025-09-04 16:03:59.173,2025-09-04 16:03:59.173,0
OSD04092025006,OD-04092025-005,SC0005,false,,,2025-09-04 16:07:59.712,2025-09-04 16:07:59.712,0
OSD05092025001,OD-05092025-001,SC0003,false,,,2025-09-05 09:44:56.415,2025-09-05 09:44:56.415,0
OSD05092025002,OD-05092025-002,SC0005,false,,,2025-09-05 09:58:16.630,2025-09-05 09:58:16.630,0
OSD05092025003,OD-05092025-003,SC0005,false,,,2025-09-05 10:02:51.340,2025-09-05 10:02:51.340,0
OSD05092025004,OD-05092025-004,SC0005,false,,,2025-09-05 10:52:47.491,2025-09-05 10:52:47.491,0
OSD05092025005,OD-05092025-005,SC0005,false,,,2025-09-05 13:12:19.057,2025-09-05 13:12:19.057,0
OSD06092025001,OD-06092025-001,SC0005,false,,,2025-09-06 09:46:04.198,2025-09-06 09:46:04.198,0
OSD06092025002,OD-06092025-002,SC0005,false,,,2025-09-06 10:05:45.854,2025-09-06 10:05:45.854,0
OSD06092025003,OD-06092025-003,SC0005,false,,,2025-09-06 13:08:20.487,2025-09-06 13:08:20.487,0
OSD06092025004,OD-06092025-004,SC0006,false,,,2025-09-06 13:14:42.228,2025-09-06 13:14:42.228,0
OSD06092025005,OD-06092025-005,SC0006,false,,,2025-09-06 13:23:54.555,2025-09-06 13:23:54.555,0
OSD06092025006,OD-06092025-006,SC0005,false,,,2025-09-06 15:12:56.691,2025-09-06 15:12:56.691,0
OSD06092025007,OD-06092025-007,SC0005,false,,,2025-09-06 15:40:12.223,2025-09-06 15:40:12.223,0
OSD06092025008,OD-06092025-008,SC0005,false,,,2025-09-06 15:50:37.519,2025-09-06 15:50:37.519,0
OSD06092025009,OD-06092025-009,SC0005,false,,,2025-09-06 16:10:05.140,2025-09-06 16:10:05.140,0
OSD06092025010,OD-06092025-010,SC0005,false,,,2025-09-06 17:20:10.822,2025-09-06 17:20:10.822,0
OSD07092025001,OD-07092025-001,SC0005,false,,,2025-09-07 09:31:54.823,2025-09-07 09:31:54.823,0
OSD07092025002,OD-07092025-002,SC0005,false,,,2025-09-07 12:07:41.050,2025-09-07 12:07:41.050,0
OSD07092025003,OD-07092025-003,SC0005,false,,,2025-09-07 12:09:02.624,2025-09-07 12:09:02.624,0
OSD07092025004,OD-07092025-004,SC0005,false,,,2025-09-07 12:10:29.498,2025-09-07 12:10:29.498,0
OSD10092025001,OD-10092025-001,SC0005,false,,,2025-09-10 10:10:21.364,2025-09-10 10:10:21.364,0
OSD10092025002,OD-10092025-002,SC0023,false,,,2025-09-10 11:45:54.816,2025-09-10 11:45:54.816,0
OSD10092025003,OD-10092025-003,SC0005,false,,,2025-09-10 14:33:47.974,2025-09-10 14:33:47.974,0
OSD10092025004,OD-10092025-004,SC0005,false,,,2025-09-10 14:36:28.173,2025-09-10 14:36:28.173,0
OSD11092025001,OD-11092025-001,SC0002,false,,,2025-09-11 09:06:42.887,2025-09-11 09:06:42.887,0
OSD11092025002,OD-11092025-002,SC0004,false,,,2025-09-11 10:07:35.010,2025-09-11 10:07:35.010,0
OSD11092025003,OD-11092025-003,SC0006,false,,,2025-09-11 10:09:16.177,2025-09-11 10:09:16.177,0
OSD11092025004,OD-11092025-004,SC0005,false,,,2025-09-11 15:34:02.340,2025-09-11 15:34:02.340,0
OSD11092025005,OD-11092025-005,SC0005,false,,,2025-09-11 15:35:15.441,2025-09-11 15:35:15.441,0
OSD12092025001,OD-12092025-001,SC0005,false,,,2025-09-12 10:06:09.552,2025-09-12 10:06:09.552,0
OSD12092025002,OD-12092025-002,SC0005,false,,,2025-09-12 11:26:51.196,2025-09-12 11:26:51.196,0
OSD12092025003,OD-12092025-003,SC0006,false,,,2025-09-12 13:05:20.320,2025-09-12 13:05:20.320,0
OSD12092025004,OD-12092025-004,SC0053,false,,,2025-09-12 14:21:18.969,2025-09-12 14:21:18.969,0
OSD12092025005,OD-12092025-005,SC0005,false,,,2025-09-12 16:36:57.328,2025-09-12 16:36:57.328,0
OSD13092025001,OD-13092025-001,SC0005,false,,,2025-09-13 12:06:12.364,2025-09-13 12:06:12.364,0
OSD13092025002,OD-13092025-002,SC0005,false,,,2025-09-13 12:07:57.911,2025-09-13 12:07:57.911,0
OSD13092025003,OD-13092025-003,SC0005,false,,,2025-09-13 12:09:21.126,2025-09-13 12:09:21.126,0
OSD13092025004,OD-13092025-004,SC0004,false,,,2025-09-13 12:54:26.572,2025-09-13 12:54:26.572,0
OSD13092025005,OD-13092025-005,SC0005,false,,,2025-09-13 12:56:17.541,2025-09-13 12:56:17.541,0
OSD14092025001,OD-14092025-001,SC0002,false,,,2025-09-14 10:19:46.612,2025-09-14 10:19:46.612,0
OSD14092025002,OD-14092025-002,SC0006,false,,,2025-09-14 10:23:36.236,2025-09-14 10:23:36.236,0
OSD14092025003,OD-14092025-003,SC0006,false,,,2025-09-14 12:01:12.765,2025-09-14 12:01:12.765,0
OSD14092025004,OD-14092025-004,SC0005,false,,,2025-09-14 12:05:46.392,2025-09-14 12:05:46.392,0
OSD14092025005,OD-14092025-005,SC0005,false,,,2025-09-14 14:44:27.429,2025-09-14 14:44:27.429,0
OSD14092025006,OD-14092025-006,SC0006,false,,,2025-09-14 15:55:16.823,2025-09-14 15:55:16.823,0
OSD14092025007,OD-14092025-007,SC0005,false,,,2025-09-14 16:39:15.014,2025-09-14 16:39:15.014,0
OSD14092025008,OD-14092025-008,SC0005,false,,,2025-09-14 16:48:57.847,2025-09-14 16:48:57.847,0
OSD15092025001,OD-15092025-001,SC0006,false,,,2025-09-15 09:31:25.222,2025-09-15 09:31:25.222,0
OSD15092025002,OD-15092025-002,SC0005,false,,,2025-09-15 17:24:37.126,2025-09-15 17:24:37.126,0
OSD17092025001,OD-17092025-001,SC0006,false,,,2025-09-17 09:02:52.668,2025-09-17 09:02:52.668,0
OSD17092025002,OD-17092025-002,SC0006,false,,,2025-09-17 09:04:38.609,2025-09-17 09:04:38.609,0
OSD17092025003,OD-17092025-003,SC0005,false,,,2025-09-17 14:42:41.682,2025-09-17 14:42:41.682,0
