"990556a5-5f2f-4e00-93be-7a8e9e8f5fbd","51K12345","97707d5b-c172-448d-a6c1-b5181f4cf851",B0001,M0003,,,false,,,2025-08-11 23:58:22.867,2025-08-12 17:52:22.195,0
b44ea145-68ce-4230-9a3b-e2cc18c562eb,"62A43187",ab2ddba7-efe9-41a8-b176-42076eba20a6,B0001,M0006,,,false,,,2025-08-04 12:50:02.540,2025-08-04 12:55:14.939,3
"2efeb5e9-d050-45ce-8b0f-c6807e7099ff","51K48384","59e655c8-a823-4ed2-87e9-841a5f16f8f8",B0038,M0228,,Carnival size L thu 350k,false,,,2025-08-07 11:06:17.170,2025-08-07 12:10:01.213,2
"3928ac4c-c8a2-45f6-ad61-4b78e84467a1","62A17159","03e02086-d9bb-4b06-a44c-43f98a0d093a",B0016,M0090,,,false,,,2025-07-22 10:19:22.014,2025-07-22 11:22:12.648,6
"56c7fa1a-ba44-4b0a-9533-6dd302512da2","51L62321",d79bc8a0-da01-4511-81df-2d737d800fc5,B0036,M0198,,,false,,,2025-07-30 14:27:59.627,2025-07-30 15:38:58.605,2
"3122935d-96f4-4ecb-870c-ce3654300266","51K54415",cdbf0c50-e7c2-4f29-905f-55707f30d7f7,B0012,M0055,,test,false,,,2025-07-22 11:10:20.735,2025-07-26 10:59:12.011,3
"93f77767-727f-4312-91f5-d0acf0350f0f","51L00498","4a154e5a-b474-4b44-aa78-67a92d6cd8ee",B0001,M0006,,,false,,,2025-08-09 08:38:52.702,2025-08-09 09:31:03.843,3
"30c5402f-ef9b-4315-ac7c-da0072e8f19d","51K74469",,B0036,M0198,,,false,,,2025-08-07 17:26:18.340,2025-08-12 01:11:08.891,0
"99c864c1-573f-4592-94a7-7bc739b728d4","51H18248",,B0026,M0139,,Khách nước ngoài,false,,,2025-08-07 11:08:59.670,2025-08-08 07:51:52.920,3
"852a5080-1c75-4e89-ab0a-f91497437939","51G10384",,B0001,M0006,,,false,,,2025-07-30 15:51:12.826,2025-07-30 16:39:57.554,2
dd3f00d3-cd98-4429-bb30-f00e2695c1fd,"51L46281","52cbd101-0dd7-4552-8d59-4907600818d8",B0001,M0004,,,false,,,2025-07-27 15:38:22.172,2025-07-27 16:21:12.016,5
bd572a3a-92f7-4d6e-a195-27f273f4a7d0,"51k91179",,B0011,M0042,,,false,,,2025-07-27 13:01:35.325,2025-07-27 16:39:33.393,4
"0af13858-0cb8-4b32-a354-4dec87728829","51l97975",f91eb847-f541-49fd-a148-93f714669fc7,B0029,M0154,,,false,,,2025-07-27 10:59:49.341,2025-07-27 16:41:22.933,3
f0c008db-7857-4b7b-aecb-8be44141d63b,"61K62081","46b81538-03da-4f71-8b9b-bb190598bcbe",B0034,M0186,,,false,,,2025-07-27 10:06:55.671,2025-07-27 16:41:51.065,6
"631ed4cc-d5d8-4cc5-988b-9e4112fc1fc8","51L75208","9180767d-1687-452f-a38c-95c2118d9e6e",B0029,M0158,,,false,,,2025-08-10 14:05:47.190,2025-08-10 15:27:37.485,2
"44ce88d3-41c0-46ee-b73f-bfb6f46ddc2f","51F75897",ef4a59a9-9173-48d8-b48a-17f2d2507db6,B0013,M0064,,,false,,,2025-07-26 14:30:17.816,2025-07-26 16:24:49.273,4
"20f94910-8662-48e2-8a00-844ac833bbd4","51K02661","21ecf212-7ed0-4838-b907-f20d7e8917e7",B0036,M0206,,,false,,,2025-07-26 14:21:02.342,2025-07-26 16:28:42.010,3
"335f3369-17ce-4260-927f-37e803005a6c","51A98017",ecb5f6e8-8e2d-4893-8a20-7ffdd6a9340e,B0026,M0138,,,false,,,2025-07-27 11:08:15.120,2025-07-27 16:42:13.141,3
"4374cb63-cbd3-428d-9758-cb83b353e690","51H60505","8c5deddd-d7e9-463b-b5ab-72c5a6942508",B0013,M0066,,,false,,,2025-07-27 11:24:01.026,2025-07-27 16:42:36.163,3
dc85e88c-1382-4723-94f0-8cae4c1c4f0b,"51F02616","94819498-b89b-409d-bbe2-368ce462a6a9",B0038,M0224,,,false,,,2025-07-26 15:49:00.254,2025-07-26 17:27:18.026,2
b9f0ff0e-3878-4c36-b845-d9169d78f04e,"51L10015","0f84c4db-c0b8-43e5-b02a-d0fd50380670",B0001,M0006,,,false,,,2025-07-27 16:17:31.496,2025-07-27 16:51:39.508,2
"8fc60969-de6d-4283-b658-489a4b2d4540","51H29060","703216f6-df7a-4071-971f-bc838481e610",B0033,M0179,,,false,,,2025-07-27 16:18:24.930,2025-07-27 17:41:18.943,3
"41a0ab86-9225-4e30-bf60-1c9819602927","51L22988",,B0015,M0083,,,false,,,2025-07-26 18:00:16.183,2025-07-26 18:02:33.187,2
"0dfdea75-36e1-4f67-82f1-c7956d4c0e5a","51L35921",a8e54595-b982-4914-9984-4501f667325d,B0036,M0212,,,false,,,2025-07-26 17:57:33.120,2025-07-26 19:20:22.258,3
"2f8b1f1f-2243-4020-8d3a-6b5ca951d346","51M21071","41be89bf-ce17-4b33-a5f1-88bea4b8c641",B0012,M0055,,,false,,,2025-08-04 13:50:19.865,2025-08-04 16:44:42.782,6
ef167722-ed0e-4389-ae63-43c507e37a2f,"51K68314",,B0012,M0051,,,false,,,2025-07-27 08:34:24.564,2025-07-27 09:36:28.951,2
"16ec94c9-574b-4cb7-a0b1-ee7c80360aa1","51L46043","5f5655f6-3687-4603-aab3-51edaae0a818",B0026,M0139,,,false,,,2025-07-30 15:40:08.392,2025-07-31 07:42:58.777,5
d8d00cba-8776-43d2-9c08-38e8d869f9a5,"51L68788","5f5655f6-3687-4603-aab3-51edaae0a818",B0034,M0186,,,false,,,2025-07-30 09:02:10.205,2025-07-31 08:37:30.332,6
"5b6523f6-4ac7-4136-aa68-f7672233515a","51H88686","8733492b-28e4-4fac-8cc9-37fbca193432",B0015,M0083,,,false,,,2025-07-27 09:41:20.027,2025-07-27 10:13:39.774,4
"20b629ee-0d2b-4c84-9a95-f08e1796c50e","50D89542",,B0026,M0140,,,false,,,2025-08-04 12:53:59.621,2025-08-05 08:47:36.603,1
"8bdb1503-950e-4dec-aa59-fdbaa128438a","60A99445",f5e76fda-824a-41bd-8c2e-ff227ec5a387,B0015,M0084,,,false,,,2025-07-29 09:40:44.655,2025-07-29 15:47:18.629,6
"02bc4672-b088-4c7b-a82f-a4ed98f912b6","71A11541",d8f03a40-8abf-4f63-bdb1-cc54f96531c0,B0036,M0206,,,false,,,2025-07-31 09:54:08.691,2025-07-31 10:57:28.855,2
"665f03df-f682-4a7a-9649-b5e9b24840ad","71A45678",b74c3272-dc16-4e88-94d1-e010572a9d85,B0012,M0058,,,false,,,2025-07-31 10:29:30.588,2025-07-31 12:07:29.288,3
"9b424195-4e9e-4fcf-bbf2-9f7388622c1d","51K27158","8ea9a1be-9aa1-4fb2-af73-ad4f02ac0e27",B0001,M0006,,,false,,,2025-07-31 10:04:22.342,2025-07-31 12:34:25.295,2
"48684a71-7d88-4109-a407-1065b23cde2c","51L20543","820a3a27-6fe6-4847-a33d-76ae8e1b9966",B0001,M0004,,,false,,,2025-08-09 12:38:56.617,2025-08-09 16:02:51.847,3
b0a3b86d-85b4-44ed-a8e0-5fc856c5fd65,"51F-78360",fc6a0f60-1f57-44a6-8503-c465ab831d99,B0037,M0215,,xe nay la vitara,false,,,2025-07-26 11:19:31.666,2025-07-30 07:43:12.851,7
f059ff86-4606-44c2-a328-a4fd545892e4,"81A55619",ccb16d05-900c-4ff3-a01e-e734508d889e,B0033,M0180,,,false,,,2025-07-29 15:41:41.089,2025-07-30 08:37:18.178,6
eb2c3469-5124-468b-8b45-245ef5eb00f4,"51F71983","04455861-8de3-4856-9589-63b5a77e421f",B0026,M0138,,,false,,,2025-08-05 08:47:16.525,2025-08-05 10:02:20.693,3
"21fd274a-0cdb-4d4d-aad1-ded4587d918e","51L91016","36dc8c91-3055-47d1-b93d-dce2e0ffc41d",B0011,M0046,,,false,,,2025-08-05 09:13:56.890,2025-08-05 11:07:32.501,2
"12bf611a-e553-45bb-94f8-88c34f0f5f32","51G39407",a79c392a-d059-4d30-86c4-3f0d19bd44bf,B0034,M0186,,,false,,,2025-07-31 14:12:51.131,2025-07-31 15:22:39.535,3
"9d9e5141-7bb3-41e4-ba2d-50213416de70","51L31391","7d63ecad-b731-4bc8-8f7c-277021ef4e91",B0038,M0231,,,false,,,2025-07-30 08:42:24.233,2025-07-30 11:17:20.250,5
cc683c69-20d7-4fec-8247-dc733b716daa,"51G98487","669a20a0-3aaf-41b4-8333-1d8cd230c88f",B0001,M0006,,,false,,,2025-08-09 08:40:01.951,2025-08-09 10:27:11.063,4
"5a4f49b1-c978-49c9-8b05-4d98c29c4e14","51H81276",a1365efa-92a0-43b1-8015-a39a2c2699f5,B0027,M0147,,,false,,,2025-08-01 08:57:20.221,2025-08-01 10:03:25.073,3
"78f90a88-b147-4567-91dc-4cd51abda492","51K57675",d169db0f-9c0a-4896-8f64-3e95aa0b3615,B0013,M0066,,,false,,,2025-08-05 13:18:43.926,2025-08-05 14:20:45.865,2
"6daf9c28-3501-4d84-8fa7-7e1db4e483fc","51F67609 ",c8722e7c-ab98-4f88-a504-841fbc968067,B0036,M0198,,,false,,,2025-08-01 12:59:02.621,2025-08-01 14:47:05.519,2
"4d4703a5-7e8b-4379-92f5-988c31a4a9ef","60K74083","8201f4bf-3d62-4632-982f-ab7e2294a467",B0004,M0028,,,false,,,2025-08-08 13:43:45.026,2025-08-08 14:31:36.125,1
"4424f56e-f200-4888-a138-b73a75980414","51G35870",c367dcff-4f12-42b2-a8ad-afa5001acb68,B0013,M0066,,,false,,,2025-08-05 14:29:10.006,2025-08-05 15:39:09.267,3
bf54cbec-ae86-467d-9798-6230e77d17a2,"51L98022","8de39767-5035-4ea1-b70d-61102846d53d",B0024,M0129,,,false,,,2025-08-06 16:37:40.032,2025-08-06 17:17:59.296,2
c0db9f44-1ade-4ade-adf7-c7f6cbfb5ca6,"51L58292",,B0004,M0027,,,false,,,2025-08-10 15:23:16.562,2025-08-10 16:27:03.461,2
"644aade9-f866-4888-ab3e-ead83c1c9187","51K78488",a56887c2-bc9d-46aa-b5db-348dae4c77a3,B0001,M0006,,,false,,,2025-07-26 16:08:51.817,2025-08-09 17:44:57.003,6
b0d5abe0-a3d6-4b76-bf02-dfadf45ebf5c,"51K48093","953a89b4-93d4-456c-9597-66cf73635f55",B0026,M0139,,,false,,,2025-08-08 14:56:15.851,2025-08-08 16:31:49.689,3
ec611987-9554-4e24-83fa-e85f7878b084,"51F86769","0d9d7f76-74b2-43b6-a9ea-a9a73cd5e895",B0027,M0148,,,false,,,2025-08-08 10:42:34.531,2025-08-09 08:09:53.549,5
ce419b41-85a7-4f0c-ae30-afcdad39f36a,"51K 54415","7af82c30-3ad9-49c3-863d-209999be7101",B0012,M0055,,,false,,,2025-08-09 10:34:30.762,2025-08-09 10:54:29.876,3
cf6d2a4b-9c79-41b4-8b54-5fa4f19fde2b,"51L59294",,B0036,M0202,,,false,,,2025-08-10 09:04:58.648,2025-08-10 10:42:25.281,1
a86cbf86-db32-4da4-8022-65a931cd8200,"51B33944",b0d8091b-1d2f-4a37-accc-788c7f787709,B0024,M0129,,,false,,,2025-08-09 10:53:54.665,2025-08-09 11:38:09.678,2
ab540af0-c395-4b97-aed2-693eac57f1f2,"51L336979",de93f089-7c57-4d08-8669-673958285ebe,B0003,M0015,,,false,,,2025-08-10 11:02:50.805,2025-08-10 17:18:50.969,1
"32618158-0325-4cb9-9c87-3ebc10969e9a","51H68483","8dd44650-b1ef-4a02-acc3-3de084af73da",B0001,M0006,,,false,,,2025-08-10 13:53:55.691,2025-08-10 15:01:32.549,4
"9b6c30d7-7934-4626-89c3-a3835a170e8e","51L99911","3f63cee9-3e17-4aea-8fab-aca71c0b5604",B0011,M0042,,,false,,,2025-07-26 15:46:31.447,2025-08-10 13:28:00.805,7
d8fad9e1-b961-485f-86b9-b321af044a5c,"51H46862",a18212ad-c34d-4990-a36d-2cf6c45c30c2,B0036,M0206,"","",false,,,2025-08-13 09:32:34.823,,0
b6de3cab-5efb-43ca-aa87-117626e551ca,"60k58392",,B0016,M0094,"","",false,,,2025-08-13 09:39:14.031,,0
c5a47833-6fe9-40c7-858f-8249d41249d8,"51K39427",d5a872f4-51fb-4dad-868d-9d4d0d72fc75,B0023,M0127,"","",false,,,2025-08-13 14:00:30.153,,0
f913e2a7-c627-4780-8f02-b6752c360f1b,"51M09200","07b6d81f-3859-4e89-a85c-3ba571e3b609",B0006,M0031,"","",false,,,2025-08-13 17:26:37.020,,0
"6973530f-55a7-46c0-ab03-fa358ac4b856","68A25712","1d974cfb-b052-4696-9502-a6c8a8d62d37",B0003,M0017,"","",false,,,2025-08-14 12:54:04.509,,0
"926ae4e7-926a-4dd3-bd7a-0698f4b7b846","51G91666",,B0001,M0006,"","",false,,,2025-08-14 15:43:20.937,,0
"36aeae10-67bd-4319-8967-6881c41df9ab","51G41494",,B0036,M0207,"","",false,,,2025-08-15 09:31:53.484,,0
b0b519c0-1114-4d58-b8ee-e57e0f0a1d8f,"51K05625",,B0034,M0186,"","",false,,,2025-08-15 11:11:26.720,,0
"310727af-f1dc-4ddf-8c7a-c9ce56f20f76","60K47979",,B0011,M0046,"","",false,,,2025-08-15 13:43:21.650,,0
c2a28b38-4311-4a71-8df1-fcd8825af342,"51K49465",c2036f3d-1d9e-4d06-93b7-d30972cc9c2c,B0031,M0168,"","",false,,,2025-08-16 10:16:50.376,,0
"61dd957c-85f5-40ed-909e-5dc22f0e42a2","51L04336","42a60ace-d8d9-4f5c-ae26-238d1a16cd5e",B0034,M0186,"","",false,,,2025-08-16 11:01:20.233,,0
"0317b012-c4c7-46af-9baa-387e1ca64158","51L55255",d169db0f-9c0a-4896-8f64-3e95aa0b3615,B0011,M0044,"","",false,,,2025-08-16 13:26:47.652,,0
"531a8835-0041-49aa-bff0-4971abdfacfc","51L67249","5bef7157-cfe0-4195-a54e-bdb37c7d6dc0",B0013,M0068,"","",false,,,2025-08-17 10:52:59.295,,0
c7718bb6-31e7-45a4-a2a3-a795a2abf127,"51G44604",,B0013,M0068,"","",false,,,2025-08-17 11:57:35.484,,0
"276efd14-d6b7-4a1a-bf17-ceaeee0b86df","74A16995","5bef7157-cfe0-4195-a54e-bdb37c7d6dc0",B0015,M0083,"","",false,,,2025-08-17 13:58:13.232,,0
"6765d483-c22f-4aa4-96c6-c9ebb571a938","51K96452",,B0001,M0006,"","",false,,,2025-08-17 15:10:18.591,,0
"2e3218ff-1a2e-46af-9427-8513f4149a5d","51L03662",,B0026,M0141,"","",false,,,2025-08-17 15:55:59.228,,0
"98004522-5a14-42a0-9e9e-55888c49ab12","60K27380",,B0030,M0164,"","",false,,,2025-08-17 17:38:11.483,,0
ca188ad6-8976-49b4-998b-ae1fffaaf8a0,"51L66677",f76b33dc-aad5-457d-9872-8c78bf9d7161,B0011,M0041,"","",false,,,2025-08-18 11:06:35.820,,0
"60a8cb23-b83c-4ca3-b270-a8399a9b461e","51L88290",b57e2e0b-4a35-41fa-b154-06976b699f30,B0026,M0140,"","",false,,,2025-08-18 11:38:13.905,,0
"684304c1-c1a6-4aae-af61-977ca6e82234","51D93415",b57e2e0b-4a35-41fa-b154-06976b699f30,B0017,M0098,,,false,,,2025-08-18 12:22:19.892,,0
fa4e2671-5716-485a-ae1f-8641f95104c1,"51H30620","4b8e99b9-b21c-4bcb-8ef8-3d25bdd1e605",B0022,M0124,"","",false,,,2025-08-18 12:23:54.789,,0
"53219731-ec0d-4752-aed6-900214e8fca2","60C66494",,B0026,M0140,"","",false,,,2025-08-18 15:24:52.104,,0
"0349f84f-b477-42de-b4e1-d0930a2bd5cd","62A21805",,B0038,M0224,"","",false,,,2025-08-18 15:25:47.163,,0
"4656e8fd-016d-4913-be28-9f86f78d2afc","51L59623","6866e45e-17db-4f7a-b59a-2e2f44a266cc",B0038,M0228,"","",false,,,2025-08-20 11:24:13.039,,0
ccb76ef4-fd71-4466-9047-0e9dbf1624f9,"51F28143",,B0012,M0055,"","",false,,,2025-08-20 14:05:39.988,,0
"062ef17c-6ba4-4b27-879a-a0bb13c3fed3","51K94001",,B0013,M0074,"","",false,,,2025-08-20 14:43:55.526,,0
"93a59966-9ece-4dd9-a22d-e9de33ce3b0d","51L09404",,B0036,M0198,"","",false,,,2025-08-20 15:14:19.444,,0
f5e88d29-63e9-4fe9-bf64-264d7ab0e7aa,"51K80538","02ff19f8-f704-48e6-896b-9568ae7ef86a",B0038,M0231,"","",false,,,2025-08-21 16:56:00.864,,0
"8c03fe36-1499-4534-9725-f431c98aed2c","51L84519",,B0013,M0065,"","",false,,,2025-08-22 08:37:04.402,,0
"41f12dbf-66e8-49dd-9478-0714c55125d3","51G34718","3a754508-bcd1-4234-93ab-e58dfd9ba2ca",B0001,M0006,"","",false,,,2025-08-22 08:57:02.933,,0
f2f57c33-0549-4ef0-b5f5-9b87765e805c,"51D80837",,B0033,M0177,"","",false,,,2025-08-22 10:41:15.384,,0
"49db5792-c897-4116-ba59-579ccb70e84b","51G94159",,B0013,M0073,"","",false,,,2025-08-22 13:14:46.028,,0
c83fc9c9-2320-46cc-bee1-6e3072804e2e,"51H77060 ","8e647369-eae5-410c-8a8d-d4b5624369b9",B0036,M0198,"","",false,,,2025-08-23 10:35:09.362,,0
cd384b25-3d56-4341-85c6-1851365bba43,"51L88606",bc77c1c0-b590-4c22-a4fb-27078ec9dc48,B0001,M0005,"","",false,,,2025-08-23 14:07:15.393,,0
"2229f95b-d4ea-4e45-9552-410be5a8169e","51F72377",f97d0aa8-730b-4106-b198-9a3a59eeead1,B0013,M0065,"","",false,,,2025-08-23 14:54:03.105,,0
"56f91540-7395-42ca-81b2-91f03418e3a2","51H99523 ",,B0038,M0222,"","",false,,,2025-08-23 17:02:22.615,,0
"25a6669e-975b-46e3-87df-afefddd48713","41A46547",c4e7fced-6445-417d-9fea-f396c567278d,B0015,M0083,"","",false,,,2025-08-24 10:08:23.505,,0
"5a0cc51a-3064-44ec-91a3-a48907942b92","51H47166","05e231ab-138f-475d-8a3f-20b9aa037a10",B0013,M0065,"","",false,,,2025-08-24 10:12:38.085,,0
"30679fa3-689d-4ecd-b5dc-aa1a07699375","51H89188",,B0012,M0055,"","",false,,,2025-08-24 10:51:31.820,,0
d9cd9db3-0c5b-471a-af90-20957b6661c7,"51G68103","9945158b-fe89-48dc-b4f9-c4fbe134573b",B0030,M0162,"","",false,,,2025-08-24 12:56:17.577,,0
"2a019707-4819-4531-b9ed-c0c0599cd59f","51L08996",,B0026,M0139,"","",false,,,2025-08-24 12:58:15.767,,0
c0b02727-e251-4a6c-a58c-2a7e4b2fc243,"51L55108","7dd4ad28-bcad-4c73-ae25-f9a1164aa79b",B0034,M0186,"","",false,,,2025-08-24 13:51:14.989,,0
"98877301-5f9d-4ffc-808b-1803e9b1d6fc","51L17140",cbc2c58e-2b0a-4968-a16e-aeab3933f6b2,B0038,M0231,"","",false,,,2025-08-24 14:19:42.672,,0
"7d813d64-8388-4668-acbd-5154b6d7a340","51K32235","89b764dc-9a4c-43c6-a847-880c564c0374",B0004,M0022,"","",false,,,2025-08-24 14:48:37.214,,0
"27f9ed06-7712-49a7-998b-299490664f06","51L35760",f97d0aa8-730b-4106-b198-9a3a59eeead1,B0012,M0058,"","",false,,,2025-08-24 16:45:19.502,,0
"5e62467c-30b1-4c4b-85cc-29ffb806f339","60LD02105","21dfefbf-c8e5-4848-a9d9-7d7653654679",B0027,M0145,"","",false,,,2025-08-25 13:28:58.198,,0
"72ffbd73-7afa-457d-aaf3-b1f1128641e3","51L08563","8dd44650-b1ef-4a02-acc3-3de084af73da",B0030,M0159,"","",false,,,2025-08-25 14:46:57.118,,0
"4d5b7aa4-bd81-4839-8db8-9f71a3d3e4bc","51L77133",,B0034,M0186,"","",false,,,2025-08-27 09:31:25.097,,0
"8fc53cbf-2279-4bcb-9b27-f7450e1b263a","51M01953",d73d7761-909a-4c47-ad36-ed82fb68d4ea,B0034,M0184,"","",false,,,2025-08-27 13:42:17.039,,0
"5c56dbaa-e7c8-4fad-b2e1-9a84eaf511e3","51L88895","743bb02b-81c1-4b56-b8ec-b8b89ec96c73",B0026,M0139,"","",false,,,2025-08-27 13:48:05.108,,0
"46034582-fc8f-4937-9e17-ed67828fea75","61A42994",,B0034,M0181,"","",false,,,2025-08-27 15:47:53.813,,0
a2acf4ee-289b-429e-afe6-cf09ce6a0d4e,"51K60079","9655c890-7035-469b-95c5-78ba376d1108",B0016,M0096,"","",false,,,2025-08-28 09:00:43.722,,0
a69dcb5b-9cfc-4f67-be4a-07687bc221ea,"47A75251",,B0036,M0213,"","",false,,,2025-08-28 13:03:18.503,,0
b17a478d-11b8-4c93-b286-fdc3961f1f9f,"51M23155",,B0026,M0143,"","",false,,,2025-08-29 10:58:13.288,,0
"3f9f7cc7-1948-413c-9b96-9fdaf02638f9","51K89155",e82210de-3e11-49f2-b7c1-52a9d4b33669,B0038,M0233,"","",false,,,2025-08-29 15:31:11.696,,0
f44a1c33-b0d7-4745-b689-deb27b5bf2f8,"51H88709",,B0013,M0068,"","",false,,,2025-08-29 16:08:16.676,,0
"99a811b1-d27f-4a44-a621-c5ea122411d7","51G77748",,B0001,M0003,"","",false,,,2025-08-30 11:53:00.747,,0
"3f30831e-aebc-410b-977a-4b2541e55fe5","51K71186","6d3ff6b3-4cdf-44ab-b144-9fb0b3a48d83",B0012,M0055,"","",false,,,2025-08-30 11:57:08.038,,0
e1d97a0e-c1c7-4006-933b-4c5ce6325d49,"51L15692","7d4a9843-f72d-4fbc-b69a-b9eae9831c23",B0038,M0228,"","",false,,,2025-08-30 18:00:16.158,,0
"91316055-d729-429b-ae77-cbcb8e4fb201","51L32105",,B0004,M0027,"","",false,,,2025-08-31 09:59:59.322,,0
"60a3825b-128b-42ab-8bc5-19fd26776851","18A31626",d1fc73b3-ef74-4056-b6e5-8390b2c5b756,B0013,M0065,"","",false,,,2025-09-03 15:58:09.530,,0
"0ac987d4-ebcd-4a1f-8807-50c33b1eba70","51H20035",,B0036,M0198,"","",false,,,2025-09-03 16:04:27.042,,0
"6b0072fe-6fa7-4fe7-b405-bb64340b7d37","63A71945",,B0026,M0142,,,false,,,2025-09-03 17:33:22.277,,0
bfcecdea-3939-4435-9492-088571ef625d,"51K08267","331ba962-4876-46b2-984e-1e10798adeb6",B0011,M0045,"","",false,,,2025-09-04 15:54:01.909,,0
c9b777a5-4188-48a6-a648-22d5b23a4adc,"51A89112",,B0036,M0208,"","",false,,,2025-09-05 09:44:56.438,,0
cedbb66d-46a5-4b9d-9a97-cdf6f4d36d8b,"51L22804","97bf65e4-a6ad-47db-bfca-8e1751e75f27",B0036,M0201,"","",false,,,2025-09-05 09:58:16.643,,0
c2ef1a3f-46ec-448c-a12c-c25f59d12570,"51H45415",f00f3b77-e13f-4bec-9c2c-e9c9cf6d0e68,B0037,M0218,"","",false,,,2025-09-05 10:52:47.502,,0
f19ffa70-15ee-4b25-a117-36561b9a52c5,"51L45737",,B0003,M0017,"","",false,,,2025-09-06 09:46:04.257,,0
d76a401c-158d-47d1-939b-873eb134bc7f,"51K41264","18715ca6-322b-4a1a-86b1-24a1bdf36064",B0029,M0154,"","",false,,,2025-09-06 10:05:45.867,,0
"2690ad7d-6a98-4ef2-bd2e-8b7a18c0e43e","51L75532",,B0013,M0081,"","",false,,,2025-09-06 13:14:42.237,,0
e161ca3a-1ae0-468c-8b68-ffa9695f757b,"51K92650",,B0034,M0184,"","",false,,,2025-09-06 15:40:12.233,,0
"4c49ca8a-e6a4-46b3-8e30-b62330fefd5a","30L93311","6f86d4d0-b728-4b28-8e35-88b91d69694f",B0013,M0069,"","",false,,,2025-09-06 15:50:37.533,,0
"54486e3f-a3f2-43a6-bd8e-e375f1875085","51K68314 ",,B0012,M0051,"","",false,,,2025-09-06 17:20:10.830,,0
"01f60b2b-6f6c-4c1e-b9a1-492f86f49ea0","51K57823","4eeb3b39-06ea-4bb0-b6b6-b54d6aad8815",B0033,M0178,"","",false,,,2025-09-07 09:31:54.888,,0
c4948915-fead-48b5-927a-586e297c5aa7,"51L40541",,B0038,M0228,"","",false,,,2025-09-07 12:07:41.059,,0
"3f30c5e7-d53c-47d2-b634-ddbd2de2c6f1","61K11012",,B0038,M0224,"","",false,,,2025-09-07 12:09:02.631,,0
"5f887ffa-4eb5-4190-b7b1-f7c566bd27ea","51K26282",eb31384c-4568-4763-8e1c-d4a34e4ce683,B0033,M0176,"","",false,,,2025-09-07 12:10:29.508,,0
"2fb29923-11c1-4fff-ba3a-57cabb197005","60K46553","3416344b-4816-4a68-b86a-f0308ce954fe",B0038,M0228,"","",false,,,2025-09-10 10:10:21.387,,0
"7feda0b6-f48a-4de3-8a09-57a3c2918954","51L-42520","10928b8c-e9a7-42a0-bacb-85abe50b1c46",B0001,M0005,"","",false,,,2025-09-10 11:45:54.838,,0
b49e44a2-1656-4fdd-82ab-0ca4148241a0,"51L97975",,B0029,M0154,"","",false,,,2025-09-10 14:36:28.184,,0
"40f57ed6-a8f1-4e4c-8a05-fb99c87432c2","60K31286",af3cee20-6c52-41be-af05-68bd02869c1c,B0012,M0055,"","",false,,,2025-09-11 09:06:42.903,,0
"0e8aa87c-0120-44ee-a821-7d25cf14f4f0","51K14414",c6bef878-4569-424a-bae6-2434b01287ac,B0012,M0054,"","",false,,,2025-09-11 10:07:35.023,,0
"7108276d-4595-4ae4-8b77-5a7220d9f4ee","51L58357",c6bef878-4569-424a-bae6-2434b01287ac,B0038,M0228,"","",false,,,2025-09-11 10:09:16.193,,0
"6368a48e-930b-4e89-8414-33949e1d3ca7","51K94281",,B0001,M0005,"","",false,,,2025-09-11 15:34:02.351,,0
"56c86133-3fa4-4a86-b972-e350b312e67c","30L08879",,B0013,M0066,"","",false,,,2025-09-11 15:35:15.452,,0
c420b8a4-0e13-443a-b309-d5764c9cdb2c,"15K28737",ac1ab092-6f6e-4dd8-813a-9842722feee4,B0003,M0017,"","",false,,,2025-09-12 10:06:09.568,,0
b24f5962-daf6-4f95-9508-be493aa74006,"51H94796",ab6aba2a-2c2a-44ca-8d8c-70934582950b,B0027,M0147,"","",false,,,2025-09-12 11:26:51.216,,0
"46db05ad-d91b-484d-9824-05cf37fbfef2","51H12345",,B0027,M0147,"","",false,,,2025-09-12 14:21:18.981,,0
"758e466a-226b-4877-9ab0-f106388fa151","51K87041",,B0003,M0013,"","",false,,,2025-09-12 16:36:57.343,,0
"88ed1ac5-67f9-46ee-83c1-3fc89acf8ba8","51K47248","946201e6-dd09-4ce8-8bbd-6c3dbca8083e",B0028,M0151,"","",false,,,2025-09-13 12:06:12.382,,0
"549c279e-6b9d-452c-86cb-617b41696ce1","72A29300",a79bcad1-5a28-4e50-a2bc-d5d64f6b294b,B0015,M0085,"","",false,,,2025-09-13 12:07:57.925,,0
edb78c1c-dacd-4578-b908-d716568b1dfc,"51K70019",b176e3e8-c792-4888-aaa9-fd1e53ae7b2f,B0001,M0005,"","",false,,,2025-09-13 12:09:21.139,,0
abe9a638-1e18-47ab-9609-e9361aebd42c,"51L67405",,B0011,M0045,"","",false,,,2025-09-13 12:56:17.548,,0
"83577b04-7a7c-4aac-b808-b10155354123","31A3633",b21a2c9c-4d3c-42de-9d44-a15e40ece90e,B0036,M0204,"","",false,,,2025-09-14 10:23:36.254,,0
"5384d0c6-4eff-46be-b00a-3403ba72b186","86A26935",,B0036,M0214,"","",false,,,2025-09-14 12:01:12.775,,0
"32bab928-8e54-4173-9662-d7e1065fc3f4","51F12388","74480e93-444c-4a42-b421-696fe3999ed7",B0012,M0051,"","",false,,,2025-09-14 12:05:46.403,,0
d49941b6-c833-435f-bbbd-479e851697c2,"51L88309",,B0038,M0224,"","",false,,,2025-09-14 15:55:16.833,,0
ca9df34b-a485-41e0-8ace-dce22923c441,"51G97555","38e1a838-609c-43ca-a843-4a23dc95b16a",B0012,M0055,"","",false,,,2025-09-14 16:39:15.027,,0
a1f8eb4c-d0f4-4eeb-975c-4d2a04366d75,"51G73135","7feaafa0-f10a-482c-863d-7c3ce57b8490",B0013,M0068,"","",false,,,2025-09-14 16:48:57.860,,0
"72cbab45-a73e-4ccb-85f4-eb8e5a9be777","51D85917","1cd1f710-f496-4686-984a-96a76acb4405",B0026,M0143,"","",false,,,2025-09-15 09:31:25.248,,0
ac50e322-0afd-4763-b2f3-300026018fc5,"72A45455",c069b11a-78ef-4a4c-892d-902dc0a09a47,B0036,M0206,"","",false,,,2025-09-15 17:24:37.152,,0
"65975050-de77-469f-9cc5-81dd1321c8e8","49A25800","585f9202-06f2-423f-a8a0-6d59f726159a",B0026,M0143,"","",false,,,2025-09-17 09:04:38.626,,0
