"code","size_code","package_name","listed_price","note","delete_flag","created_by","updated_by","created_at","updated_at","exclusive_key"
PW0001,S2,Supreme,16000000,STEK,false,admin,,2025-09-27 23:36:09.227,2025-09-27 23:36:09.227,0
PW0002,S3,Supreme,18800000,STEK,false,admin,,2025-09-27 23:36:09.227,2025-09-27 23:36:09.227,0
PW0003,S2,Premium,13000000,STEK,false,admin,,2025-09-27 23:36:09.227,2025-09-27 23:36:09.227,0
PW0004,S3,Premium,15800000,STEK,false,admin,,2025-09-27 23:36:09.227,2025-09-27 23:36:09.227,0
PW0005,S2,Crystalline +,14800000,3M,false,admin,,2025-09-27 23:36:09.227,2025-09-27 23:36:09.227,0
PW0006,S2,Crystalline,11400000,3M,false,admin,,2025-09-27 23:36:09.227,2025-09-27 23:36:09.227,0
PW0007,S2,Premium,9000000,3M,false,admin,,2025-09-27 23:36:09.227,2025-09-27 23:36:09.227,0
PW0008,S2,Standard,6900000,3M,false,admin,,2025-09-27 23:36:09.227,2025-09-27 23:36:09.227,0
PW0009,S3,Crystalline +,17600000,3M,false,admin,,2025-09-27 23:36:09.227,2025-09-27 23:36:09.227,0
PW0010,S3,Crystalline,12900000,3M,false,admin,,2025-09-27 23:36:09.227,2025-09-27 23:36:09.227,0
PW0011,S3,Premium,10500000,3M,false,admin,,2025-09-27 23:36:09.227,2025-09-27 23:36:09.227,0
PW0012,S3,Standard,8300000,3M,false,admin,,2025-09-27 23:36:09.227,2025-09-27 23:36:09.227,0
PW0013,S1,Force Shield,45000000,STEK,false,admin,,2025-09-27 23:36:09.227,2025-09-27 23:36:09.227,0
PW0014,S2,Force Shield,50000000,STEK,false,admin,,2025-09-27 23:36:09.227,2025-09-27 23:36:09.227,0
PW0015,S3,Force Shield,55000000,STEK,false,admin,,2025-09-27 23:36:09.227,2025-09-27 23:36:09.227,0
PW0016,S4,Force Shield,65000000,STEK,false,admin,,2025-09-27 23:36:09.227,2025-09-27 23:36:09.227,0
PW0017,S5,Force Shield,70000000,STEK,false,admin,,2025-09-27 23:36:09.227,2025-09-27 23:36:09.227,0
PW0018,S6,Force Shield,65000000,STEK,false,admin,,2025-09-27 23:36:09.227,2025-09-27 23:36:09.227,0
PW0019,S1,Dyno Shield,80000000,STEK,false,admin,,2025-09-27 23:36:09.227,2025-09-27 23:36:09.227,0
PW0020,S2,Dyno Shield,95000000,STEK,false,admin,,2025-09-27 23:36:09.227,2025-09-27 23:36:09.227,0
PW0021,S3,Dyno Shield,110000000,STEK,false,admin,,2025-09-27 23:36:09.227,2025-09-27 23:36:09.227,0
PW0022,S4,Dyno Shield,125000000,STEK,false,admin,,2025-09-27 23:36:09.227,2025-09-27 23:36:09.227,0
PW0023,S5,Dyno Shield,130000000,STEK,false,admin,,2025-09-27 23:36:09.227,2025-09-27 23:36:09.227,0
PW0024,S6,Dyno Shield,125000000,STEK,false,admin,,2025-09-27 23:36:09.227,2025-09-27 23:36:09.227,0
PW0025,S2,50 Gloss Series,38000000,3M,false,admin,,2025-09-27 23:36:09.227,2025-09-27 23:36:09.227,0
PW0026,S3,50 Gloss Series,44000000,3M,false,admin,,2025-09-27 23:36:09.227,2025-09-27 23:36:09.227,0
PW0027,S5,50 Gloss Series,51000000,3M,false,admin,,2025-09-27 23:36:09.227,2025-09-27 23:36:09.227,0
PW0028,S2,100 Gloss Series,69000000,3M,false,admin,,2025-09-27 23:36:09.227,2025-09-27 23:36:09.227,0
PW0029,S3,100 Gloss Series,76000000,3M,false,admin,,2025-09-27 23:36:09.227,2025-09-27 23:36:09.227,0
PW0030,S5,100 Gloss Series,84000000,3M,false,admin,,2025-09-27 23:36:09.227,2025-09-27 23:36:09.227,0
PW0031,S2,150 Gloss Series,85000000,3M,false,admin,,2025-09-27 23:36:09.227,2025-09-27 23:36:09.227,0
PW0032,S3,150 Gloss Series,92000000,3M,false,admin,,2025-09-27 23:36:09.227,2025-09-27 23:36:09.227,0
PW0033,S5,150 Gloss Series,102000000,3M,false,admin,,2025-09-27 23:36:09.227,2025-09-27 23:36:09.227,0
PW0034,S2,200 Gloss Series,102000000,3M,false,admin,,2025-09-27 23:36:09.227,2025-09-27 23:36:09.227,0
PW0035,S3,200 Gloss Series,110000000,3M,false,admin,,2025-09-27 23:36:09.227,2025-09-27 23:36:09.227,0
PW0036,S5,200 Gloss Series,122000000,3M,false,admin,,2025-09-27 23:36:09.227,2025-09-27 23:36:09.227,0
PW0037,S2,X75,28000000,Teckwrap,false,admin,,2025-09-27 23:36:09.227,2025-09-27 23:36:09.227,0
PW0038,S3,X75,31000000,Teckwrap,false,admin,,2025-09-27 23:36:09.227,2025-09-27 23:36:09.227,0
PW0039,S5,X75,33000000,Teckwrap,false,admin,,2025-09-27 23:36:09.227,2025-09-27 23:36:09.227,0
PW0040,S2,X75M - mờ,28000000,Teckwrap,false,admin,,2025-09-27 23:36:09.227,2025-09-27 23:36:09.227,0
PW0041,S3,X75M - mờ,31000000,Teckwrap,false,admin,,2025-09-27 23:36:09.227,2025-09-27 23:36:09.227,0
PW0042,S5,X75M - mờ,33000000,Teckwrap,false,admin,,2025-09-27 23:36:09.227,2025-09-27 23:36:09.227,0
PW0043,S2,G75,35000000,Teckwrap,false,admin,,2025-09-27 23:36:09.227,2025-09-27 23:36:09.227,0
PW0044,S3,G75,39000000,Teckwrap,false,admin,,2025-09-27 23:36:09.227,2025-09-27 23:36:09.227,0
PW0045,S5,G75,42000000,Teckwrap,false,admin,,2025-09-27 23:36:09.227,2025-09-27 23:36:09.227,0
PW0046,S2,S75+,45000000,Teckwrap,false,admin,,2025-09-27 23:36:09.227,2025-09-27 23:36:09.227,0
PW0047,S3,S75+,49000000,Teckwrap,false,admin,,2025-09-27 23:36:09.227,2025-09-27 23:36:09.227,0
PW0048,S5,S75+,55000000,Teckwrap,false,admin,,2025-09-27 23:36:09.227,2025-09-27 23:36:09.227,0