-- brands
INSERT INTO brands(code, brand_name) VALUES ('B0001','Mazda');
INSERT INTO brands(code, brand_name) VALUES ('B0002','GAC');
INSERT INTO brands(code, brand_name) VALUES ('B0003','Volvo');
INSERT INTO brands(code, brand_name) VALUES ('B0004','Vinfast');
INSERT INTO brands(code, brand_name) VALUES ('B0005','Haval');
INSERT INTO brands(code, brand_name) VALUES ('B0006','Skoda');
INSERT INTO brands(code, brand_name) VALUES ('B0007','RAM');
INSERT INTO brands(code, brand_name) VALUES ('B0008','Aston Martin');
INSERT INTO brands(code, brand_name) VALUES ('B0009','Lynk & Co');
INSERT INTO brands(code, brand_name) VALUES ('B0010','Aion');
INSERT INTO brands(code, brand_name) VALUES ('B0011','Porsche');
INSERT INTO brands(code, brand_name) VALUES ('B0012','BMW');
INSERT INTO brands(code, brand_name) VALUES ('B0013','Mercedes');
INSERT INTO brands(code, brand_name) VALUES ('B0014','Omoda');
INSERT INTO brands(code, brand_name) VALUES ('B0015','Peugoet');
INSERT INTO brands(code, brand_name) VALUES ('B0016','Volkswagen');
INSERT INTO brands(code, brand_name) VALUES ('B0017','Isuzu');
INSERT INTO brands(code, brand_name) VALUES ('B0018','Audi');
INSERT INTO brands(code, brand_name) VALUES ('B0019','Jaguar');
INSERT INTO brands(code, brand_name) VALUES ('B0020','MG');
INSERT INTO brands(code, brand_name) VALUES ('B0021','Haima');
INSERT INTO brands(code, brand_name) VALUES ('B0022','Nissan');
INSERT INTO brands(code, brand_name) VALUES ('B0023','HongQi');
INSERT INTO brands(code, brand_name) VALUES ('B0024','Subaru');
INSERT INTO brands(code, brand_name) VALUES ('B0025','Mini');
INSERT INTO brands(code, brand_name) VALUES ('B0026','Ford');
INSERT INTO brands(code, brand_name) VALUES ('B0027','Lexus');
INSERT INTO brands(code, brand_name) VALUES ('B0028','Jeep');
INSERT INTO brands(code, brand_name) VALUES ('B0029','BYD');
INSERT INTO brands(code, brand_name) VALUES ('B0030','Honda');
INSERT INTO brands(code, brand_name) VALUES ('B0031','Bentley');
INSERT INTO brands(code, brand_name) VALUES ('B0032','Maserati');
INSERT INTO brands(code, brand_name) VALUES ('B0033','Mitsubishi');
INSERT INTO brands(code, brand_name) VALUES ('B0034','Huyndai');
INSERT INTO brands(code, brand_name) VALUES ('B0035','Wuling');
INSERT INTO brands(code, brand_name) VALUES ('B0036','Toyota');
INSERT INTO brands(code, brand_name) VALUES ('B0037','Suzuki');
INSERT INTO brands(code, brand_name) VALUES ('B0038','Kia');
INSERT INTO brands(code, brand_name) VALUES ('B0039','Land Rover');

-- MODEL
INSERT INTO model(code, model_name,size,brand_code) VALUES ('M0001','Mazda2','S','B0001');
INSERT INTO model(code, model_name,size,brand_code) VALUES ('M0002','CX-3','M','B0001');
INSERT INTO model(code, model_name,size,brand_code) VALUES ('M0003','Mazda3','M','B0001');
INSERT INTO model(code, model_name,size,brand_code) VALUES ('M0004','Mazda6','M','B0001');
INSERT INTO model(code, model_name,size,brand_code) VALUES ('M0005','CX-30','M','B0001');
INSERT INTO model(code, model_name,size,brand_code) VALUES ('M0006','CX-5','M','B0001');
INSERT INTO model(code, model_name,size,brand_code) VALUES ('M0007','CX-8','L','B0001');
INSERT INTO model(code, model_name,size,brand_code) VALUES ('M0008','BT-50','L','B0001');
INSERT INTO model(code, model_name,size,brand_code) VALUES ('M0009','GS8','','B0002');
INSERT INTO model(code, model_name,size,brand_code) VALUES ('M0010','M8','L','B0002');
INSERT INTO model(code, model_name,size,brand_code) VALUES ('M0011','M6 Pro','','B0002');
INSERT INTO model(code, model_name,size,brand_code) VALUES ('M0012','XC40','M','B0003');
INSERT INTO model(code, model_name,size,brand_code) VALUES ('M0013','XC60','M','B0003');
INSERT INTO model(code, model_name,size,brand_code) VALUES ('M0014','XC90','L','B0003');
INSERT INTO model(code, model_name,size,brand_code) VALUES ('M0015','V90','M','B0003');
INSERT INTO model(code, model_name,size,brand_code) VALUES ('M0016','V60 Cross Country','M','B0003');
INSERT INTO model(code, model_name,size,brand_code) VALUES ('M0017','S90','M','B0003');
INSERT INTO model(code, model_name,size,brand_code) VALUES ('M0018','Fadil','S','B0004');
INSERT INTO model(code, model_name,size,brand_code) VALUES ('M0019','Lux A2.0','M','B0004');
INSERT INTO model(code, model_name,size,brand_code) VALUES ('M0020','Lux SA2.0','M','B0004');
INSERT INTO model(code, model_name,size,brand_code) VALUES ('M0021','President','L','B0004');
INSERT INTO model(code, model_name,size,brand_code) VALUES ('M0022','VF e34','M','B0004');
INSERT INTO model(code, model_name,size,brand_code) VALUES ('M0023','VF 8','M','B0004');
INSERT INTO model(code, model_name,size,brand_code) VALUES ('M0024','VF 5','M','B0004');
INSERT INTO model(code, model_name,size,brand_code) VALUES ('M0025','VF 9','L','B0004');
INSERT INTO model(code, model_name,size,brand_code) VALUES ('M0026','VF 6','M','B0004');
INSERT INTO model(code, model_name,size,brand_code) VALUES ('M0027','VF 7','M','B0004');
INSERT INTO model(code, model_name,size,brand_code) VALUES ('M0028','VF 3','S','B0004');
INSERT INTO model(code, model_name,size,brand_code) VALUES ('M0029','H6','','B0005');
INSERT INTO model(code, model_name,size,brand_code) VALUES ('M0030','Karoq','','B0006');
INSERT INTO model(code, model_name,size,brand_code) VALUES ('M0031','Kodiaq','','B0006');
INSERT INTO model(code, model_name,size,brand_code) VALUES ('M0032','1500','L','B0007');
INSERT INTO model(code, model_name,size,brand_code) VALUES ('M0033','DBX','L','B0008');
INSERT INTO model(code, model_name,size,brand_code) VALUES ('M0034','Lynk & Co 09','L','B0009');
INSERT INTO model(code, model_name,size,brand_code) VALUES ('M0035','Lynk & Co 06','M','B0009');
INSERT INTO model(code, model_name,size,brand_code) VALUES ('M0036','Lynk & Co 01','M','B0009');
INSERT INTO model(code, model_name,size,brand_code) VALUES ('M0037','Lynk & Co 05','M','B0009');
INSERT INTO model(code, model_name,size,brand_code) VALUES ('M0038','Lynk & Co 03','M','B0009');
INSERT INTO model(code, model_name,size,brand_code) VALUES ('M0039','Y Plus','','B0010');
INSERT INTO model(code, model_name,size,brand_code) VALUES ('M0040','ES','','B0010');
INSERT INTO model(code, model_name,size,brand_code) VALUES ('M0041','718','S','B0011');
INSERT INTO model(code, model_name,size,brand_code) VALUES ('M0042','911','M','B0011');
INSERT INTO model(code, model_name,size,brand_code) VALUES ('M0043','Taycan','M','B0011');
INSERT INTO model(code, model_name,size,brand_code) VALUES ('M0044','Panamera','M','B0011');
INSERT INTO model(code, model_name,size,brand_code) VALUES ('M0045','Macan','M','B0011');
INSERT INTO model(code, model_name,size,brand_code) VALUES ('M0046','Cayenne','L','B0011');
INSERT INTO model(code, model_name,size,brand_code) VALUES ('M0047','Macan EV','M','B0011');
INSERT INTO model(code, model_name,size,brand_code) VALUES ('M0048','Series 5','M','B0012');
INSERT INTO model(code, model_name,size,brand_code) VALUES ('M0049','Series 7','L','B0012');
INSERT INTO model(code, model_name,size,brand_code) VALUES ('M0050','X1','S','B0012');
INSERT INTO model(code, model_name,size,brand_code) VALUES ('M0051','X3','M','B0012');
INSERT INTO model(code, model_name,size,brand_code) VALUES ('M0052','X4','M','B0012');
INSERT INTO model(code, model_name,size,brand_code) VALUES ('M0053','X6','M','B0012');
INSERT INTO model(code, model_name,size,brand_code) VALUES ('M0054','Z4 Roadster','S','B0012');
INSERT INTO model(code, model_name,size,brand_code) VALUES ('M0055','Series 3','M','B0012');
INSERT INTO model(code, model_name,size,brand_code) VALUES ('M0056','X5','M','B0012');
INSERT INTO model(code, model_name,size,brand_code) VALUES ('M0057','X7','L','B0012');
INSERT INTO model(code, model_name,size,brand_code) VALUES ('M0058','Series 4','M','B0012');
INSERT INTO model(code, model_name,size,brand_code) VALUES ('M0059','i7','L','B0012');
INSERT INTO model(code, model_name,size,brand_code) VALUES ('M0060','Series 8','L','B0012');
INSERT INTO model(code, model_name,size,brand_code) VALUES ('M0061','iX3','M','B0012');
INSERT INTO model(code, model_name,size,brand_code) VALUES ('M0062','i4','M','B0012');
INSERT INTO model(code, model_name,size,brand_code) VALUES ('M0063','XM','L','B0012');
INSERT INTO model(code, model_name,size,brand_code) VALUES ('M0064','A-class','M','B0013');
INSERT INTO model(code, model_name,size,brand_code) VALUES ('M0065','C-Class','M','B0013');
INSERT INTO model(code, model_name,size,brand_code) VALUES ('M0066','E-Class','M','B0013');
INSERT INTO model(code, model_name,size,brand_code) VALUES ('M0067','S-Class','L','B0013');
INSERT INTO model(code, model_name,size,brand_code) VALUES ('M0068','GLC','M','B0013');
INSERT INTO model(code, model_name,size,brand_code) VALUES ('M0069','GLB','M','B0013');
INSERT INTO model(code, model_name,size,brand_code) VALUES ('M0070','GLS','L','B0013');
INSERT INTO model(code, model_name,size,brand_code) VALUES ('M0071','G-Class','L','B0013');
INSERT INTO model(code, model_name,size,brand_code) VALUES ('M0072','GT-Coupe','L','B0013');
INSERT INTO model(code, model_name,size,brand_code) VALUES ('M0073','V-Class','L','B0013');
INSERT INTO model(code, model_name,size,brand_code) VALUES ('M0074','GLE','L','B0013');
INSERT INTO model(code, model_name,size,brand_code) VALUES ('M0075','GLA','M','B0013');
INSERT INTO model(code, model_name,size,brand_code) VALUES ('M0076','EQS','M','B0013');
INSERT INTO model(code, model_name,size,brand_code) VALUES ('M0077','EQS SUV','L','B0013');
INSERT INTO model(code, model_name,size,brand_code) VALUES ('M0078','EQB','M','B0013');
INSERT INTO model(code, model_name,size,brand_code) VALUES ('M0079','EQE SUV','L','B0013');
INSERT INTO model(code, model_name,size,brand_code) VALUES ('M0080','AMG SL','M','B0013');
INSERT INTO model(code, model_name,size,brand_code) VALUES ('M0081','Maybach EQS SUV','L','B0013');
INSERT INTO model(code, model_name,size,brand_code) VALUES ('M0082','C5','','B0014');
INSERT INTO model(code, model_name,size,brand_code) VALUES ('M0083','2008','M','B0015');
INSERT INTO model(code, model_name,size,brand_code) VALUES ('M0084','3008','M','B0015');
INSERT INTO model(code, model_name,size,brand_code) VALUES ('M0085','5008','M','B0015');
INSERT INTO model(code, model_name,size,brand_code) VALUES ('M0086','Traveller','L','B0015');
INSERT INTO model(code, model_name,size,brand_code) VALUES ('M0087','408','M','B0015');
INSERT INTO model(code, model_name,size,brand_code) VALUES ('M0088','Polo','S','B0016');
INSERT INTO model(code, model_name,size,brand_code) VALUES ('M0089','Tiguan','M','B0016');
INSERT INTO model(code, model_name,size,brand_code) VALUES ('M0090','Passat','M','B0016');
INSERT INTO model(code, model_name,size,brand_code) VALUES ('M0091','T-Cross','M','B0016');
INSERT INTO model(code, model_name,size,brand_code) VALUES ('M0092','Touareg','M','B0016');
INSERT INTO model(code, model_name,size,brand_code) VALUES ('M0093','Virtus','M','B0016');
INSERT INTO model(code, model_name,size,brand_code) VALUES ('M0094','Viloran','L','B0016');
INSERT INTO model(code, model_name,size,brand_code) VALUES ('M0095','Teramont X','L','B0016');
INSERT INTO model(code, model_name,size,brand_code) VALUES ('M0096','Teramont','L','B0016');
INSERT INTO model(code, model_name,size,brand_code) VALUES ('M0097','mu-X','M','B0017');
INSERT INTO model(code, model_name,size,brand_code) VALUES ('M0098','D-Max','L','B0017');
INSERT INTO model(code, model_name,size,brand_code) VALUES ('M0099','A4','M','B0018');
INSERT INTO model(code, model_name,size,brand_code) VALUES ('M0100','Q2','M','B0018');
INSERT INTO model(code, model_name,size,brand_code) VALUES ('M0101','Q3','M','B0018');
INSERT INTO model(code, model_name,size,brand_code) VALUES ('M0102','Q5','M','B0018');
INSERT INTO model(code, model_name,size,brand_code) VALUES ('M0103','Q7','M','B0018');
INSERT INTO model(code, model_name,size,brand_code) VALUES ('M0104','Q8','M','B0018');
INSERT INTO model(code, model_name,size,brand_code) VALUES ('M0105','A8L','L','B0018');
INSERT INTO model(code, model_name,size,brand_code) VALUES ('M0106','e-tron GT','M','B0018');
INSERT INTO model(code, model_name,size,brand_code) VALUES ('M0107','Q8 e-tron','L','B0018');
INSERT INTO model(code, model_name,size,brand_code) VALUES ('M0108','A6','M','B0018');
INSERT INTO model(code, model_name,size,brand_code) VALUES ('M0109','A7','M','B0018');
INSERT INTO model(code, model_name,size,brand_code) VALUES ('M0110','XE','M','B0019');
INSERT INTO model(code, model_name,size,brand_code) VALUES ('M0111','XF','M','B0019');
INSERT INTO model(code, model_name,size,brand_code) VALUES ('M0112','F-Pace','M','B0019');
INSERT INTO model(code, model_name,size,brand_code) VALUES ('M0113','E-Pace','M','B0019');
INSERT INTO model(code, model_name,size,brand_code) VALUES ('M0114','F-Type','M','B0019');
INSERT INTO model(code, model_name,size,brand_code) VALUES ('M0115','ZS','M','B0020');
INSERT INTO model(code, model_name,size,brand_code) VALUES ('M0116','HS','M','B0020');
INSERT INTO model(code, model_name,size,brand_code) VALUES ('M0117','MG5','M','B0020');
INSERT INTO model(code, model_name,size,brand_code) VALUES ('M0118','RX5','M','B0020');
INSERT INTO model(code, model_name,size,brand_code) VALUES ('M0119','MG4 EV','M','B0020');
INSERT INTO model(code, model_name,size,brand_code) VALUES ('M0120','MG7','M','B0020');
INSERT INTO model(code, model_name,size,brand_code) VALUES ('M0121','Cyberster','M','B0020');
INSERT INTO model(code, model_name,size,brand_code) VALUES ('M0122','7X-E','M','B0021');
INSERT INTO model(code, model_name,size,brand_code) VALUES ('M0123','7X','M','B0021');
INSERT INTO model(code, model_name,size,brand_code) VALUES ('M0124','Navara','L','B0022');
INSERT INTO model(code, model_name,size,brand_code) VALUES ('M0125','Almera','M','B0022');
INSERT INTO model(code, model_name,size,brand_code) VALUES ('M0126','Kicks','M','B0022');
INSERT INTO model(code, model_name,size,brand_code) VALUES ('M0127','E-HS9','M','B0023');
INSERT INTO model(code, model_name,size,brand_code) VALUES ('M0128','H9','M','B0023');
INSERT INTO model(code, model_name,size,brand_code) VALUES ('M0129','Forester','M','B0024');
INSERT INTO model(code, model_name,size,brand_code) VALUES ('M0130','Outback','M','B0024');
INSERT INTO model(code, model_name,size,brand_code) VALUES ('M0131','BR-Z','S','B0024');
INSERT INTO model(code, model_name,size,brand_code) VALUES ('M0132','WRX','M','B0024');
INSERT INTO model(code, model_name,size,brand_code) VALUES ('M0133','Crosstrek','M','B0024');
INSERT INTO model(code, model_name,size,brand_code) VALUES ('M0134','3 Door','M','B0025');
INSERT INTO model(code, model_name,size,brand_code) VALUES ('M0135','5 Door','M','B0025');
INSERT INTO model(code, model_name,size,brand_code) VALUES ('M0136','Countryman','M','B0025');
INSERT INTO model(code, model_name,size,brand_code) VALUES ('M0137','JCW','M','B0025');
INSERT INTO model(code, model_name,size,brand_code) VALUES ('M0138','EcoSport','M','B0026');
INSERT INTO model(code, model_name,size,brand_code) VALUES ('M0139','Everest','M','B0026');
INSERT INTO model(code, model_name,size,brand_code) VALUES ('M0140','Ranger','M','B0026');
INSERT INTO model(code, model_name,size,brand_code) VALUES ('M0141','Explorer','M','B0026');
INSERT INTO model(code, model_name,size,brand_code) VALUES ('M0142','Territory','M','B0026');
INSERT INTO model(code, model_name,size,brand_code) VALUES ('M0143','Ranger Raptor','M','B0026');
INSERT INTO model(code, model_name,size,brand_code) VALUES ('M0144','IS','S','B0027');
INSERT INTO model(code, model_name,size,brand_code) VALUES ('M0145','LS','M','B0027');
INSERT INTO model(code, model_name,size,brand_code) VALUES ('M0146','NX','M','B0027');
INSERT INTO model(code, model_name,size,brand_code) VALUES ('M0147','RX','M','B0027');
INSERT INTO model(code, model_name,size,brand_code) VALUES ('M0148','LX','M','B0027');
INSERT INTO model(code, model_name,size,brand_code) VALUES ('M0149','LM','M','B0027');
INSERT INTO model(code, model_name,size,brand_code) VALUES ('M0150','GX','M','B0027');
INSERT INTO model(code, model_name,size,brand_code) VALUES ('M0151','Wrangler','M','B0028');
INSERT INTO model(code, model_name,size,brand_code) VALUES ('M0152','Gladiator','M','B0028');
INSERT INTO model(code, model_name,size,brand_code) VALUES ('M0153','Grand Cherokee L','M','B0028');
INSERT INTO model(code, model_name,size,brand_code) VALUES ('M0154','Atto 3','M','B0029');
INSERT INTO model(code, model_name,size,brand_code) VALUES ('M0155','Seal','M','B0029');
INSERT INTO model(code, model_name,size,brand_code) VALUES ('M0156','Dolphin','M','B0029');
INSERT INTO model(code, model_name,size,brand_code) VALUES ('M0157','M6','M','B0029');
INSERT INTO model(code, model_name,size,brand_code) VALUES ('M0158','Han','M','B0029');
INSERT INTO model(code, model_name,size,brand_code) VALUES ('M0159','City','M','B0030');
INSERT INTO model(code, model_name,size,brand_code) VALUES ('M0160','HR-V','M','B0030');
INSERT INTO model(code, model_name,size,brand_code) VALUES ('M0161','CR-V','M','B0030');
INSERT INTO model(code, model_name,size,brand_code) VALUES ('M0162','Accord','M','B0030');
INSERT INTO model(code, model_name,size,brand_code) VALUES ('M0163','Brio','M','B0030');
INSERT INTO model(code, model_name,size,brand_code) VALUES ('M0164','Civic','M','B0030');
INSERT INTO model(code, model_name,size,brand_code) VALUES ('M0165','Civic Type R','M','B0030');
INSERT INTO model(code, model_name,size,brand_code) VALUES ('M0166','BR-V','M','B0030');
INSERT INTO model(code, model_name,size,brand_code) VALUES ('M0167','Flying Spur','M','B0031');
INSERT INTO model(code, model_name,size,brand_code) VALUES ('M0168','Bentayga','M','B0031');
INSERT INTO model(code, model_name,size,brand_code) VALUES ('M0169','Continental','M','B0031');
INSERT INTO model(code, model_name,size,brand_code) VALUES ('M0170','Levante','M','B0032');
INSERT INTO model(code, model_name,size,brand_code) VALUES ('M0171','Ghibli','','B0032');
INSERT INTO model(code, model_name,size,brand_code) VALUES ('M0172','Quattroporte','M','B0032');
INSERT INTO model(code, model_name,size,brand_code) VALUES ('M0173','Grecale','M','B0032');
INSERT INTO model(code, model_name,size,brand_code) VALUES ('M0174','GranTurismo','M','B0032');
INSERT INTO model(code, model_name,size,brand_code) VALUES ('M0175','Attrage','M','B0033');
INSERT INTO model(code, model_name,size,brand_code) VALUES ('M0176','Outlander','M','B0033');
INSERT INTO model(code, model_name,size,brand_code) VALUES ('M0177','Triton','M','B0033');
INSERT INTO model(code, model_name,size,brand_code) VALUES ('M0178','Pajero Sport','M','B0033');
INSERT INTO model(code, model_name,size,brand_code) VALUES ('M0179','Xpander','M','B0033');
INSERT INTO model(code, model_name,size,brand_code) VALUES ('M0180','Xforce','M','B0033');
INSERT INTO model(code, model_name,size,brand_code) VALUES ('M0181','i10','S','B0034');
INSERT INTO model(code, model_name,size,brand_code) VALUES ('M0182','Accent','M','B0034');
INSERT INTO model(code, model_name,size,brand_code) VALUES ('M0183','Kona','M','B0034');
INSERT INTO model(code, model_name,size,brand_code) VALUES ('M0184','Elantra','M','B0034');
INSERT INTO model(code, model_name,size,brand_code) VALUES ('M0185','Tucson','M','B0034');
INSERT INTO model(code, model_name,size,brand_code) VALUES ('M0186','Santa Fe','M','B0034');
INSERT INTO model(code, model_name,size,brand_code) VALUES ('M0187','Creta','M','B0034');
INSERT INTO model(code, model_name,size,brand_code) VALUES ('M0188','Stargazer','M','B0034');
INSERT INTO model(code, model_name,size,brand_code) VALUES ('M0189','Ioniq 5','M','B0034');
INSERT INTO model(code, model_name,size,brand_code) VALUES ('M0190','Custin','M','B0034');
INSERT INTO model(code, model_name,size,brand_code) VALUES ('M0191','Palisade','M','B0034');
INSERT INTO model(code, model_name,size,brand_code) VALUES ('M0192','Venue','M','B0034');
INSERT INTO model(code, model_name,size,brand_code) VALUES ('M0193','Hongguang Mini EV','S','B0035');
INSERT INTO model(code, model_name,size,brand_code) VALUES ('M0194','Bingo','M','B0035');
INSERT INTO model(code, model_name,size,brand_code) VALUES ('M0195','Wigo','M','B0036');
INSERT INTO model(code, model_name,size,brand_code) VALUES ('M0196','Vios','M','B0036');
INSERT INTO model(code, model_name,size,brand_code) VALUES ('M0197','Corolla Altis','M','B0036');
INSERT INTO model(code, model_name,size,brand_code) VALUES ('M0198','Camry','M','B0036');
INSERT INTO model(code, model_name,size,brand_code) VALUES ('M0199','Rush','M','B0036');
INSERT INTO model(code, model_name,size,brand_code) VALUES ('M0200','Avanza','M','B0036');
INSERT INTO model(code, model_name,size,brand_code) VALUES ('M0201','Innova','M','B0036');
INSERT INTO model(code, model_name,size,brand_code) VALUES ('M0202','Fortuner','M','B0036');
INSERT INTO model(code, model_name,size,brand_code) VALUES ('M0203','Granvia','M','B0036');
INSERT INTO model(code, model_name,size,brand_code) VALUES ('M0204','Land Cruiser LC300','L','B0036');
INSERT INTO model(code, model_name,size,brand_code) VALUES ('M0205','Land Cruiser Prado','L','B0036');
INSERT INTO model(code, model_name,size,brand_code) VALUES ('M0206','Corolla Cross','M','B0036');
INSERT INTO model(code, model_name,size,brand_code) VALUES ('M0207','Hilux','L','B0036');
INSERT INTO model(code, model_name,size,brand_code) VALUES ('M0208','Alphard','L','B0036');
INSERT INTO model(code, model_name,size,brand_code) VALUES ('M0209','Yaris','M','B0036');
INSERT INTO model(code, model_name,size,brand_code) VALUES ('M0210','Raize','M','B0036');
INSERT INTO model(code, model_name,size,brand_code) VALUES ('M0211','Avanza Premio','M','B0036');
INSERT INTO model(code, model_name,size,brand_code) VALUES ('M0212','Veloz Cross','M','B0036');
INSERT INTO model(code, model_name,size,brand_code) VALUES ('M0213','Yaris Cross','M','B0036');
INSERT INTO model(code, model_name,size,brand_code) VALUES ('M0214','Innova Cross','M','B0036');
INSERT INTO model(code, model_name,size,brand_code) VALUES ('M0215','Swift','M','B0037');
INSERT INTO model(code, model_name,size,brand_code) VALUES ('M0216','Ciaz','M','B0037');
INSERT INTO model(code, model_name,size,brand_code) VALUES ('M0217','Ertiga','M','B0037');
INSERT INTO model(code, model_name,size,brand_code) VALUES ('M0218','XL7','M','B0037');
INSERT INTO model(code, model_name,size,brand_code) VALUES ('M0219','Jimny','M','B0037');
INSERT INTO model(code, model_name,size,brand_code) VALUES ('M0220','Morning','S','B0038');
INSERT INTO model(code, model_name,size,brand_code) VALUES ('M0221','Soluto','S','B0038');
INSERT INTO model(code, model_name,size,brand_code) VALUES ('M0222','Cerato','M','B0038');
INSERT INTO model(code, model_name,size,brand_code) VALUES ('M0223','Optima','M','B0038');
INSERT INTO model(code, model_name,size,brand_code) VALUES ('M0224','Sorento','M','B0038');
INSERT INTO model(code, model_name,size,brand_code) VALUES ('M0225','Rondo','M','B0038');
INSERT INTO model(code, model_name,size,brand_code) VALUES ('M0226','Quoris','M','B0038');
INSERT INTO model(code, model_name,size,brand_code) VALUES ('M0227','K3','M','B0038');
INSERT INTO model(code, model_name,size,brand_code) VALUES ('M0228','Carnival','M','B0038');
INSERT INTO model(code, model_name,size,brand_code) VALUES ('M0229','Sonet','M','B0038');
INSERT INTO model(code, model_name,size,brand_code) VALUES ('M0230','K5','M','B0038');
INSERT INTO model(code, model_name,size,brand_code) VALUES ('M0231','Sportage','M','B0038');
INSERT INTO model(code, model_name,size,brand_code) VALUES ('M0232','Carens','M','B0038');
INSERT INTO model(code, model_name,size,brand_code) VALUES ('M0233','Seltos','M','B0038');
INSERT INTO model(code, model_name,size,brand_code) VALUES ('M0234','Range Rover Velar','M','B0039');
INSERT INTO model(code, model_name,size,brand_code) VALUES ('M0235','Range Rover Evoque','M','B0039');
INSERT INTO model(code, model_name,size,brand_code) VALUES ('M0236','Range Rover','M','B0039');
INSERT INTO model(code, model_name,size,brand_code) VALUES ('M0237','Range Rover Sport','M','B0039');
INSERT INTO model(code, model_name,size,brand_code) VALUES ('M0238','Discovery','M','B0039');
INSERT INTO model(code, model_name,size,brand_code) VALUES ('M0239','Discovery Sport','L','B0039');
INSERT INTO model(code, model_name,size,brand_code) VALUES ('M0240','Defender 90, 110','L','B0039');
INSERT INTO model(code, model_name,size,brand_code) VALUES ('M0241','Defender 130','L','B0039');

-- SERVICE_TYPE
INSERT INTO service_type(code, service_type_name) VALUES ('ST0001','WASHING');
INSERT INTO service_type(code, service_type_name) VALUES ('ST0002','DETAILING');

-- SERVICE
INSERT INTO service(code, service_name, duration, service_type_code, note) VALUES ('S0001','Rửa Nhanh | Quick Wash','30m - 45m','ST0001','');
INSERT INTO service(code, service_name, duration, service_type_code, note) VALUES ('S0002','Rửa Tiêu Chuẩn | Standard Wash','1h - 1h15m','ST0001','');
INSERT INTO service(code, service_name, duration, service_type_code, note) VALUES ('S0003','Rửa Chuyên Sâu | Deep Wash','1h30m - 2h','ST0001','');
INSERT INTO service(code, service_name, duration, service_type_code, note) VALUES ('S0004','Vệ sinh nội thất','4h - 5h','ST0002','');
INSERT INTO service(code, service_name, duration, service_type_code, note) VALUES ('S0005','Vệ sinh khoang máy','1h30m - 2h','ST0002','');
INSERT INTO service(code, service_name, duration, service_type_code, note) VALUES ('S0006','Vệ sinh dàn lạnh','1h','ST0002','');
INSERT INTO service(code, service_name, duration, service_type_code, note) VALUES ('S0007','Tẩy nhựa đường','45m','ST0002','');
INSERT INTO service(code, service_name, duration, service_type_code, note) VALUES ('S0008','Tẩy ố kính/mảng dầu','3h','ST0002','');
INSERT INTO service(code, service_name, duration, service_type_code, note) VALUES ('S0009','Vệ sinh mâm xe (4 bánh)','30m','ST0002','');
INSERT INTO service(code, service_name, duration, service_type_code, note) VALUES ('S0010','Đánh bóng sơn','2h','ST0002','');
INSERT INTO service(code, service_name, duration, service_type_code, note) VALUES ('S0011','Hiệu chỉnh sơn','2d','ST0002','');
INSERT INTO service(code, service_name, duration, service_type_code, note) VALUES ('S0012','Phục hồi nhựa ngoài','45m','ST0002','');
INSERT INTO service(code, service_name, duration, service_type_code, note) VALUES ('S0013','Phủ ceramic toàn xe','3d','ST0002','');
INSERT INTO service(code, service_name, duration, service_type_code, note) VALUES ('S0014','Ceramic kính (Bảo Hành 6 Tháng)','2d','ST0002','');
INSERT INTO service(code, service_name, duration, service_type_code, note) VALUES ('S0015','Ceramic kính (Bảo Hành 1 Năm)','2d','ST0002','');
INSERT INTO service(code, service_name, duration, service_type_code, note) VALUES ('S0016','Ceramic mâm','2d','ST0002','');


-- SERVICE_CATALOG
INSERT INTO service_catalog(code, size, price, service_code) VALUES ('SC0001','S','150000','S0001');
INSERT INTO service_catalog(code, size, price, service_code) VALUES ('SC0002','M','150000','S0001');
INSERT INTO service_catalog(code, size, price, service_code) VALUES ('SC0003','L','170000','S0001');
INSERT INTO service_catalog(code, size, price, service_code) VALUES ('SC0004','S','250000','S0002');
INSERT INTO service_catalog(code, size, price, service_code) VALUES ('SC0005','M','300000','S0002');
INSERT INTO service_catalog(code, size, price, service_code) VALUES ('SC0006','L','350000','S0002');
INSERT INTO service_catalog(code, size, price, service_code) VALUES ('SC0007','S','850000','S0003');
INSERT INTO service_catalog(code, size, price, service_code) VALUES ('SC0008','M','950000','S0003');
INSERT INTO service_catalog(code, size, price, service_code) VALUES ('SC0009','L','1050000','S0003');
INSERT INTO service_catalog(code, size, price, service_code) VALUES ('SC0010','S','2500000','S0004');
INSERT INTO service_catalog(code, size, price, service_code) VALUES ('SC0011','M','2500000','S0004');
INSERT INTO service_catalog(code, size, price, service_code) VALUES ('SC0012','L','3000000','S0004');
INSERT INTO service_catalog(code, size, price, service_code) VALUES ('SC0013','S','1800000','S0005');
INSERT INTO service_catalog(code, size, price, service_code) VALUES ('SC0014','M','1800000','S0005');
INSERT INTO service_catalog(code, size, price, service_code) VALUES ('SC0015','L','1800000','S0005');
INSERT INTO service_catalog(code, size, price, service_code) VALUES ('SC0016','S','1500000','S0006');
INSERT INTO service_catalog(code, size, price, service_code) VALUES ('SC0017','M','1500000','S0006');
INSERT INTO service_catalog(code, size, price, service_code) VALUES ('SC0018','L','1500000','S0006');
INSERT INTO service_catalog(code, size, price, service_code) VALUES ('SC0019','S','300000','S0007');
INSERT INTO service_catalog(code, size, price, service_code) VALUES ('SC0020','M','400000','S0007');
INSERT INTO service_catalog(code, size, price, service_code) VALUES ('SC0021','L','500000','S0007');
INSERT INTO service_catalog(code, size, price, service_code) VALUES ('SC0022','S','1100000','S0008');
INSERT INTO service_catalog(code, size, price, service_code) VALUES ('SC0023','M','1200000','S0008');
INSERT INTO service_catalog(code, size, price, service_code) VALUES ('SC0024','L','1300000','S0008');
INSERT INTO service_catalog(code, size, price, service_code) VALUES ('SC0025','S','1200000','S0009');
INSERT INTO service_catalog(code, size, price, service_code) VALUES ('SC0026','M','1200000','S0009');
INSERT INTO service_catalog(code, size, price, service_code) VALUES ('SC0027','L','1200000','S0009');
INSERT INTO service_catalog(code, size, price, service_code) VALUES ('SC0028','S','2200000','S0010');
INSERT INTO service_catalog(code, size, price, service_code) VALUES ('SC0029','M','2500000','S0010');
INSERT INTO service_catalog(code, size, price, service_code) VALUES ('SC0030','L','2800000','S0010');
INSERT INTO service_catalog(code, size, price, service_code) VALUES ('SC0031','S','3200000','S0011');
INSERT INTO service_catalog(code, size, price, service_code) VALUES ('SC0032','M','3500000','S0011');
INSERT INTO service_catalog(code, size, price, service_code) VALUES ('SC0033','L','3800000','S0011');
INSERT INTO service_catalog(code, size, price, service_code) VALUES ('SC0034','S','500000','S0012');
INSERT INTO service_catalog(code, size, price, service_code) VALUES ('SC0035','M','500000','S0012');
INSERT INTO service_catalog(code, size, price, service_code) VALUES ('SC0036','L','500000','S0012');
INSERT INTO service_catalog(code, size, price, service_code) VALUES ('SC0037','S','10500000','S0013');
INSERT INTO service_catalog(code, size, price, service_code) VALUES ('SC0038','M','11500000','S0013');
INSERT INTO service_catalog(code, size, price, service_code) VALUES ('SC0039','L','12500000','S0013');
INSERT INTO service_catalog(code, size, price, service_code) VALUES ('SC0040','S','2100000','S0014');
INSERT INTO service_catalog(code, size, price, service_code) VALUES ('SC0041','M','2200000','S0014');
INSERT INTO service_catalog(code, size, price, service_code) VALUES ('SC0042','L','2300000','S0014');
INSERT INTO service_catalog(code, size, price, service_code) VALUES ('SC0043','S','3100000','S0015');
INSERT INTO service_catalog(code, size, price, service_code) VALUES ('SC0044','M','3200000','S0015');
INSERT INTO service_catalog(code, size, price, service_code) VALUES ('SC0045','L','3300000','S0015');
INSERT INTO service_catalog(code, size, price, service_code) VALUES ('SC0046','S','2200000','S0016');
INSERT INTO service_catalog(code, size, price, service_code) VALUES ('SC0047','M','2200000','S0016');
INSERT INTO service_catalog(code, size, price, service_code) VALUES ('SC0048','L','2200000','S0016');
