"3f647ef0-0bb0-4885-95a3-e4a80812161f",OD-20250810-006,O10082025-005,"2",DONE,c0db9f44-1ade-4ade-adf7-c7f6cbfb5ca6,,false,,,2025-08-10 15:23:16.562,2025-08-10 16:27:03.461,1
"9e6dfadb-ce04-4867-86d9-36a99cc35062",OD-20250810-005,O10082025-004,"2",DONE,"631ed4cc-d5d8-4cc5-988b-9e4112fc1fc8",,false,,,2025-08-10 14:05:47.191,2025-08-10 15:27:37.485,1
ea8fed18-328a-4464-ae80-aaeefadd9183,OD-20250810-004,O10082025-003,"2",DONE,"32618158-0325-4cb9-9c87-3ebc10969e9a",,false,,,2025-08-10 13:53:55.692,2025-08-10 15:01:32.549,2
ce1ee9d2-e674-47a0-a979-1240ea281ba4,OD-20250810-003,O10082025-006,"2",PROCESSING,ab540af0-c395-4b97-aed2-693eac57f1f2,,false,,,2025-08-10 11:02:50.807,2025-08-12 01:13:16.192,0
fae2dd55-9954-49ce-a84c-ccf3ca10f1e5,OD-20250810-002,O10082025-002,"2",DONE,"9b6c30d7-7934-4626-89c3-a3835a170e8e",,false,,,2025-08-10 10:44:16.225,2025-08-10 13:28:00.805,2
"9af664b1-f5f6-4602-b868-e94e78ed9c67",OD-20250810-001,O10082025-001,,DONE,cf6d2a4b-9c79-41b4-8b54-5fa4f19fde2b,,false,,,2025-08-10 09:04:58.650,2025-08-10 10:42:25.281,1
"05a17352-d4e5-4f1b-a89c-ba1e0ca34ae1",OD-20250809-006,O09082025-005,"2",DONE,"644aade9-f866-4888-ab3e-ead83c1c9187",,false,,,2025-08-09 15:50:54.220,2025-08-09 17:44:57.003,1
"45ac724d-b08a-4cf1-8622-77bbebf64cec",OD-20250809-005,O09082025-006,"2",DONE,"48684a71-7d88-4109-a407-1065b23cde2c",,false,,,2025-08-09 12:38:56.618,2025-08-09 13:10:39.364,1
"9a455822-8981-4270-83a9-d03544df24c3",OD-20250809-004,O09082025-004,"2",DONE,a86cbf86-db32-4da4-8022-65a931cd8200,,false,,,2025-08-09 10:53:54.671,2025-08-09 11:38:09.678,1
"13f403cd-fa96-4f8c-b25f-e08bee2442a9",OD-20250809-003,O09082025-003,"2",DONE,ce419b41-85a7-4f0c-ae30-afcdad39f36a,,false,,,2025-08-09 10:34:30.762,2025-08-12 01:13:16.192,0
a998a2a3-b421-4345-bd58-b13c3ece6de2,OD-20250809-002,O09082025-002,"2",DONE,cc683c69-20d7-4fec-8247-dc733b716daa,,false,,,2025-08-09 08:40:01.951,2025-08-09 09:42:08.802,1
f88bedb4-6c96-44e4-9f92-a4cf7603aa38,OD-20250809-001,O09082025-001,"2",DONE,"93f77767-727f-4312-91f5-d0acf0350f0f",,false,,,2025-08-09 08:38:52.703,2025-08-09 09:31:03.844,1
f9b4b5b0-17a9-4a72-b12d-d9c4606dda27,OD-20250808-003,O08082025-001,"2",DONE,b0d5abe0-a3d6-4b76-bf02-dfadf45ebf5c,,false,,,2025-08-08 14:56:15.852,2025-08-08 15:59:17.751,1
"1fe5e689-f028-44aa-ad5b-0647d8d6f4f8",OD-20250808-002,O08082025-002,"2",DONE,"4d4703a5-7e8b-4379-92f5-988c31a4a9ef",,false,,,2025-08-08 13:43:45.026,2025-08-08 14:31:36.126,1
"7e85f84e-bb8a-4293-a28d-d4bb207550c5",OD-20250808-001,O08082025-003,"2",DONE,ec611987-9554-4e24-83fa-e85f7878b084,,false,,,2025-08-08 10:42:34.533,2025-08-08 12:44:50.662,1
fc99c881-6374-48f8-a1fe-648db3b6dbcb,OD-20250807-003,O07082025-002,"2",PROCESSING,"30c5402f-ef9b-4315-ac7c-da0072e8f19d",,false,,,2025-08-07 17:26:18.341,2025-08-12 01:13:16.192,0
"5ff2d111-5b33-4312-998c-e3113dc14be1",OD-20250807-002,O06082025-001,"2",DONE,"99c864c1-573f-4592-94a7-7bc739b728d4",,false,,,2025-08-07 11:08:59.670,2025-08-07 14:08:57.178,1
"41fc6ee4-2bc5-4621-a7f4-042f017abdc8",OD-20250807-001,O07082025-001,"2",DONE,"2efeb5e9-d050-45ce-8b0f-c6807e7099ff",,false,,,2025-08-07 11:06:17.172,2025-08-07 12:10:01.214,1
ecc0d679-972d-4eb3-9c27-b230d3ee5734,OD-20250806-005,O06082025-002,"2",DONE,bf54cbec-ae86-467d-9798-6230e77d17a2,,false,,,2025-08-06 16:37:40.034,2025-08-06 17:17:59.296,1
eba26f76-48ea-412b-acdd-c14ebc547859,OD-20250805-004,O05082025-004,"2",DONE,"4424f56e-f200-4888-a138-b73a75980414",,false,,,2025-08-05 14:29:10.006,2025-08-05 15:07:46.766,1
"879cbab5-27a8-4c30-80f6-36ccc6b84fa6",OD-20250805-003,O05082025-003,"2",DONE,"78f90a88-b147-4567-91dc-4cd51abda492",,false,,,2025-08-05 13:18:43.926,2025-08-05 14:20:45.865,1
"312dcc80-c844-45bf-a293-59a12bb2916a",OD-20250805-002,O05082025-002,"2",DONE,"21fd274a-0cdb-4d4d-aad1-ded4587d918e",,false,,,2025-08-05 09:13:56.890,2025-08-05 11:07:32.501,1
a53ce65f-9826-4059-b7e7-652ecb1662c8,OD-20250805-001,O05082025-001,"2",DONE,eb2c3469-5124-468b-8b45-245ef5eb00f4,,false,,,2025-08-05 08:47:16.529,2025-08-05 10:02:20.693,1
"46684354-e864-4d2f-963f-dbd92a464b1f",OD-20250804-003,O04082025-002,"2",DONE,"2f8b1f1f-2243-4020-8d3a-6b5ca951d346",,false,,,2025-08-04 13:50:19.866,2025-08-04 16:44:42.782,1
"3fc90845-c709-4bdb-a6b2-d8da9aa8db21",OD-20250804-002,O03082025-001,,DONE,"20b629ee-0d2b-4c84-9a95-f08e1796c50e",,false,,,2025-08-04 12:53:59.622,2025-08-05 08:47:36.603,1
ed2ae172-2864-4240-9a98-c07a3810c7e5,OD-20250804-001,O04082025-001,"2",DONE,b44ea145-68ce-4230-9a3b-e2cc18c562eb,,false,,,2025-08-04 12:50:02.541,2025-08-04 12:53:07.740,1
abc0f490-4aaa-47ed-bfd0-e29f81386c69,OD-20250801-002,O01082025-001,"2",DONE,"6daf9c28-3501-4d84-8fa7-7e1db4e483fc",,false,,,2025-08-01 12:59:02.622,2025-08-01 14:47:05.519,1
"22561ece-3a98-405d-a13a-c7fe40e3137a",OD-20250801-001,O31072025-001,"2",DONE,"5a4f49b1-c978-49c9-8b05-4d98c29c4e14",,false,,,2025-08-01 08:57:20.224,2025-08-01 10:03:25.074,1
a9805ee2-67f9-44a0-a523-36484706d598,OD-20250731-005,O31072025-003,"2",DONE,"12bf611a-e553-45bb-94f8-88c34f0f5f32",,false,,,2025-07-31 14:12:51.132,2025-07-31 15:08:40.900,1
"78a69d90-8333-437d-abd2-889f120c6adc",OD-20250731-004,O31072025-002,"2",DONE,"665f03df-f682-4a7a-9649-b5e9b24840ad",,false,,,2025-07-31 10:29:30.588,2025-07-31 12:07:17.940,1
"5b870da7-2945-480e-9cc6-29cd89051104",OD-20250731-003,O30072025-002,"2",DONE,"9b424195-4e9e-4fcf-bbf2-9f7388622c1d",,false,,,2025-07-31 10:04:22.342,2025-07-31 12:34:25.295,1
fbef1016-10a9-4810-bcf5-76ebc0f1882a,OD-20250731-002,O30072025-001,"2",DONE,"02bc4672-b088-4c7b-a82f-a4ed98f912b6",,false,,,2025-07-31 09:54:08.692,2025-07-31 10:57:28.855,1
"5338922a-0b7e-4b1b-a4bf-f111d8f66b9c",OD-20250731-001,O30072025-003,"2",DONE,d8d00cba-8776-43d2-9c08-38e8d869f9a5,,false,,,2025-07-31 07:42:38.822,2025-08-12 01:13:16.192,0
"7e88eb17-3a8c-4a89-9fea-498267ce2e0d",OD-20250730-005,O29072025-001,"2",DONE,"852a5080-1c75-4e89-ab0a-f91497437939",,false,,,2025-07-30 15:51:12.826,2025-07-30 16:39:57.554,1
"26d85141-c6c8-4199-8692-922e010f1afc",OD-20250730-004,O29072025-004,"2",DONE,"16ec94c9-574b-4cb7-a0b1-ee7c80360aa1",,false,,,2025-07-30 15:40:08.394,2025-07-30 16:58:31.266,1
cae7f560-ebe0-4d6a-a29d-fdeec97d54f9,OD-20250730-003,O29072025-003,"3",DONE,"56c7fa1a-ba44-4b0a-9533-6dd302512da2",,false,,,2025-07-30 14:27:59.627,2025-07-30 15:38:58.605,1
a29a723a-c535-471f-bf6d-8e2be4b697b5,OD-20250730-002,O29072025-002,"2",DONE,d8d00cba-8776-43d2-9c08-38e8d869f9a5,,false,,,2025-07-30 09:02:10.205,2025-07-30 11:17:50.903,1
"7e1597e1-3fca-4073-9926-bf8b4394ebf4",OD-20250730-001,O30072025-004,"2",DONE,"9d9e5141-7bb3-41e4-ba2d-50213416de70",,false,,,2025-07-30 08:42:24.233,2025-07-30 09:48:39.533,1
"67a99bbc-7596-4c72-9ad1-e2c9a093eedb",OD-20250729-002,O27072025-002,"3",DONE,f059ff86-4606-44c2-a328-a4fd545892e4,,false,,,2025-07-29 15:41:41.089,2025-07-30 08:37:18.178,2
"041ddca9-5dde-4aec-9fe7-a1cc9fecddfe",OD-20250729-001,O27072025-001,"2",DONE,"8bdb1503-950e-4dec-aa59-fdbaa128438a",,false,,,2025-07-29 09:40:44.657,2025-07-29 15:47:18.629,1
"8055a373-65b7-4798-9b6e-9cac2e2e9c75",OD-20250727-010,O26072025-003,"5,3,2,6",DONE,"8fc60969-de6d-4283-b658-489a4b2d4540",,false,,,2025-07-27 16:18:24.931,2025-07-27 17:41:18.943,1
"1d27935b-ed1c-402e-8776-e062077b19da",OD-20250727-009,O26072025-002,"3,2,5,6",DONE,b9f0ff0e-3878-4c36-b845-d9169d78f04e,,false,,,2025-07-27 16:17:31.496,2025-07-27 16:51:39.508,1
"0a76b1f5-6b23-4713-a281-4c50225c1a88",OD-20250727-008,O27072025-003,"3,5,6,2",DONE,dd3f00d3-cd98-4429-bb30-f00e2695c1fd,,false,,,2025-07-27 15:38:22.173,2025-07-27 16:16:31.363,2
b01df485-57af-4944-9dad-ca997ab5b9c8,OD-20250727-007,O27072025-004,"2",DONE,bd572a3a-92f7-4d6e-a195-27f273f4a7d0,,false,,,2025-07-27 13:01:35.326,2025-07-27 15:15:37.116,1
"5b94ed40-3789-49b1-a790-9f50614f0c45",OD-20250727-006,O27072025-008,"2",DONE,"4374cb63-cbd3-428d-9758-cb83b353e690",,false,,,2025-07-27 11:24:01.027,2025-07-27 13:37:01.072,2
b40ab7de-62b1-45c7-a6e2-2b0c6ab6c10b,OD-20250727-005,O27072025-007,,DONE,"335f3369-17ce-4260-927f-37e803005a6c",,false,,,2025-07-27 11:08:15.120,2025-07-27 13:06:51.428,1
"9b6fd5eb-384e-40b9-a7f4-7e357d6e5c7d",OD-20250727-004,O27072025-005,"2",DONE,"0af13858-0cb8-4b32-a354-4dec87728829",,false,,,2025-07-27 10:59:49.342,2025-08-12 01:13:16.192,0
"6a9105e3-76c8-41ed-ac2b-f7fcc39f10ca",OD-20250727-003,O27072025-006,"2",DONE,f0c008db-7857-4b7b-aecb-8be44141d63b,,false,,,2025-07-27 10:06:55.672,2025-07-27 12:18:14.505,2
db34ecd9-cf1d-4717-b676-9aea37ff18fd,OD-20250727-002,O26072025-001,"2",DONE,"5b6523f6-4ac7-4136-aa68-f7672233515a",,false,,,2025-07-27 09:41:20.028,2025-07-27 10:13:39.774,2
"65c9df7a-fba5-4b14-bba8-6a36f5ac20cb",OD-20250727-001,O26072025-004,"2",DONE,ef167722-ed0e-4389-ae63-43c507e37a2f,,false,,,2025-07-27 08:34:24.567,2025-07-27 09:36:28.951,1
e29ad1a2-25c2-4082-81a4-e81a0c4d7ade,OD-20250726-009,O25072025-002,,DONE,"41a0ab86-9225-4e30-bf60-1c9819602927",,false,,,2025-07-26 18:00:16.184,2025-08-12 01:13:16.192,0
"49d149ec-5477-4728-9e74-5a2988b01691",OD-20250726-008,O25072025-006,,DONE,"0dfdea75-36e1-4f67-82f1-c7956d4c0e5a",,false,,,2025-07-26 17:57:33.121,2025-07-26 19:19:55.256,1
b1a91bbb-91d2-4808-a4d2-757b995414e3,OD-20250726-007,O25072025-005,"2",DONE,"644aade9-f866-4888-ab3e-ead83c1c9187",,false,,,2025-07-26 16:08:51.819,2025-07-26 17:58:22.771,2
"95f19689-011d-48a6-ab8a-cd7901958b6a",OD-20250726-006,O25072025-001,"2",DONE,dc85e88c-1382-4723-94f0-8cae4c1c4f0b,,false,,,2025-07-26 15:49:00.254,2025-07-26 17:27:18.027,1
"31707c17-c685-4eaf-9856-adeb1218776f",OD-20250726-005,O24072025-001,"2",DONE,"9b6c30d7-7934-4626-89c3-a3835a170e8e",,false,,,2025-07-26 15:46:31.447,2025-07-26 16:24:08.510,1
"393a68c9-5eb0-43cd-877d-4cf756898e81",OD-20250726-004,O24072025-002,"2",DONE,"44ce88d3-41c0-46ee-b73f-bfb6f46ddc2f",,false,,,2025-07-26 14:30:17.817,2025-07-26 16:24:49.273,1
e20cac2b-85a7-48de-8eb1-9af12533a2a7,OD-20250726-003,O25072025-004,"2",DONE,"20f94910-8662-48e2-8a00-844ac833bbd4",,false,,,2025-07-26 14:21:02.342,2025-07-26 16:28:42.010,1
"56ab83ab-3bf1-4046-8ffc-45f13f1bdcf5",OD-20250726-002,O23072025-001,"1",PROCESSING,b0a3b86d-85b4-44ed-a8e0-5fc856c5fd65,,false,,,2025-07-26 11:19:31.666,2025-08-12 01:13:16.192,0
"7c1b7502-8932-47cb-8aa7-bd1c2334f9e6",OD-20250726-001,O25072025-003,"1",DONE,"3122935d-96f4-4ecb-870c-ce3654300266",test,false,,,2025-07-26 10:54:04.395,2025-07-26 10:59:12.011,2
"1bff698f-484e-45c4-9e30-4d1eedcb295d",OD-20250722-002,O22072025-001,"2,1",PENDING,"3122935d-96f4-4ecb-870c-ce3654300266",,false,,,2025-07-22 11:10:20.735,2025-08-12 01:13:16.192,0
"6bcea73e-2684-4cdc-9b22-70ee7b6431ee",OD-20250722-001,O22072025-002,"1,2",PROCESSING,"3928ac4c-c8a2-45f6-ad61-4b78e84467a1",,false,,,2025-07-22 10:19:22.016,2025-07-22 10:21:27.077,2
