OSD11082025001,OD-20250810-006,SC0005,false,admin,,2025-08-11 23:58:22.823,2025-08-11 23:58:22.823,0
OSD11082025002,OD-20250810-005,SC0005,false,admin,,2025-08-11 23:58:22.823,2025-08-11 23:58:22.823,0
OSD11082025003,OD-20250810-004,SC0005,false,admin,,2025-08-11 23:58:22.823,2025-08-11 23:58:22.823,0
OSD11082025004,OD-20250810-003,SC0005,false,admin,,2025-08-11 23:58:22.823,2025-08-11 23:58:22.823,0
OSD11082025005,OD-20250810-002,SC0005,false,admin,,2025-08-11 23:58:22.823,2025-08-11 23:58:22.823,0
OSD11082025006,OD-20250810-001,SC0005,false,admin,,2025-08-11 23:58:22.823,2025-08-11 23:58:22.823,0
OSD11082025007,OD-20250809-006,SC0005,false,admin,,2025-08-11 23:58:22.823,2025-08-11 23:58:22.823,0
OSD11082025008,OD-20250809-005,SC0005,false,admin,,2025-08-11 23:58:22.823,2025-08-11 23:58:22.823,0
OSD11082025009,OD-20250809-004,SC0005,false,admin,,2025-08-11 23:58:22.823,2025-08-11 23:58:22.823,0
OSD11082025010,OD-20250809-003,SC0002,false,admin,,2025-08-11 23:58:22.823,2025-08-11 23:58:22.823,0
OSD11082025011,OD-20250809-002,SC0002,false,admin,,2025-08-11 23:58:22.823,2025-08-11 23:58:22.823,0
OSD11082025012,OD-20250809-001,SC0002,false,admin,,2025-08-11 23:58:22.823,2025-08-11 23:58:22.823,0
OSD11082025013,OD-20250808-003,SC0005,false,admin,,2025-08-11 23:58:22.823,2025-08-11 23:58:22.823,0
OSD11082025014,OD-20250808-002,SC0004,false,admin,,2025-08-11 23:58:22.823,2025-08-11 23:58:22.823,0
OSD11082025015,OD-20250808-001,SC0005,false,admin,,2025-08-11 23:58:22.823,2025-08-11 23:58:22.823,0
OSD11082025016,OD-20250807-003,SC0005,false,admin,,2025-08-11 23:58:22.823,2025-08-11 23:58:22.823,0
OSD11082025017,OD-20250807-002,SC0005,false,admin,,2025-08-11 23:58:22.823,2025-08-11 23:58:22.823,0
OSD11082025018,OD-20250807-001,SC0005,false,admin,,2025-08-11 23:58:22.823,2025-08-11 23:58:22.823,0
OSD11082025019,OD-20250806-005,SC0002,false,admin,,2025-08-11 23:58:22.823,2025-08-11 23:58:22.823,0
OSD11082025020,OD-20250805-004,SC0002,false,admin,,2025-08-11 23:58:22.823,2025-08-11 23:58:22.823,0
OSD11082025021,OD-20250805-003,SC0005,false,admin,,2025-08-11 23:58:22.823,2025-08-11 23:58:22.823,0
OSD11082025022,OD-20250805-002,SC0006,false,admin,,2025-08-11 23:58:22.823,2025-08-11 23:58:22.823,0
OSD11082025023,OD-20250805-001,SC0005,false,admin,,2025-08-11 23:58:22.823,2025-08-11 23:58:22.823,0
OSD11082025024,OD-20250804-003,SC0008,false,admin,,2025-08-11 23:58:22.823,2025-08-11 23:58:22.823,0
OSD11082025025,OD-20250804-002,SC0029,false,admin,,2025-08-11 23:58:22.823,2025-08-11 23:58:22.823,0
OSD11082025026,OD-20250804-001,SC0008,false,admin,,2025-08-11 23:58:22.823,2025-08-11 23:58:22.823,0
OSD11082025027,OD-20250801-002,SC0005,false,admin,,2025-08-11 23:58:22.823,2025-08-11 23:58:22.823,0
OSD11082025028,OD-20250801-001,SC0005,false,admin,,2025-08-11 23:58:22.823,2025-08-11 23:58:22.823,0
OSD11082025029,OD-20250731-005,SC0005,false,admin,,2025-08-11 23:58:22.823,2025-08-11 23:58:22.823,0
OSD11082025030,OD-20250731-004,SC0005,false,admin,,2025-08-11 23:58:22.823,2025-08-11 23:58:22.823,0
OSD11082025031,OD-20250731-003,SC0005,false,admin,,2025-08-11 23:58:22.823,2025-08-11 23:58:22.823,0
OSD11082025032,OD-20250731-002,SC0005,false,admin,,2025-08-11 23:58:22.823,2025-08-11 23:58:22.823,0
OSD11082025033,OD-20250731-001,SC0005,false,admin,,2025-08-11 23:58:22.823,2025-08-11 23:58:22.823,0
OSD11082025034,OD-20250730-005,SC0005,false,admin,,2025-08-11 23:58:22.823,2025-08-11 23:58:22.823,0
OSD11082025035,OD-20250730-004,SC0002,false,admin,,2025-08-11 23:58:22.823,2025-08-11 23:58:22.823,0
OSD11082025036,OD-20250730-003,SC0005,false,admin,,2025-08-11 23:58:22.823,2025-08-11 23:58:22.823,0
OSD11082025037,OD-20250730-002,SC0005,false,admin,,2025-08-11 23:58:22.823,2025-08-11 23:58:22.823,0
OSD11082025038,OD-20250730-001,SC0005,false,admin,,2025-08-11 23:58:22.823,2025-08-11 23:58:22.823,0
OSD11082025039,OD-20250729-002,SC0005,false,admin,,2025-08-11 23:58:22.823,2025-08-11 23:58:22.823,0
OSD11082025040,OD-20250729-001,SC0005,false,admin,,2025-08-11 23:58:22.823,2025-08-11 23:58:22.823,0
OSD11082025041,OD-20250727-010,SC0005,false,admin,,2025-08-11 23:58:22.823,2025-08-11 23:58:22.823,0
OSD11082025042,OD-20250727-009,SC0002,false,admin,,2025-08-11 23:58:22.823,2025-08-11 23:58:22.823,0
OSD11082025043,OD-20250727-008,SC0002,false,admin,,2025-08-11 23:58:22.823,2025-08-11 23:58:22.823,0
OSD11082025044,OD-20250727-007,SC0005,false,admin,,2025-08-11 23:58:22.823,2025-08-11 23:58:22.823,0
OSD11082025045,OD-20250727-006,SC0002,false,admin,,2025-08-11 23:58:22.823,2025-08-11 23:58:22.823,0
OSD11082025046,OD-20250727-005,SC0005,false,admin,,2025-08-11 23:58:22.823,2025-08-11 23:58:22.823,0
OSD11082025047,OD-20250727-004,SC0005,false,admin,,2025-08-11 23:58:22.823,2025-08-11 23:58:22.823,0
OSD11082025048,OD-20250727-003,SC0005,false,admin,,2025-08-11 23:58:22.823,2025-08-11 23:58:22.823,0
OSD11082025049,OD-20250727-002,SC0002,false,admin,,2025-08-11 23:58:22.823,2025-08-11 23:58:22.823,0
OSD11082025050,OD-20250727-001,SC0005,false,admin,,2025-08-11 23:58:22.823,2025-08-11 23:58:22.823,0
OSD11082025051,OD-20250726-009,SC0002,false,admin,,2025-08-11 23:58:22.823,2025-08-11 23:58:22.823,0
OSD11082025052,OD-20250726-008,SC0005,false,admin,,2025-08-11 23:58:22.823,2025-08-11 23:58:22.823,0
OSD11082025053,OD-20250726-007,SC0005,false,admin,,2025-08-11 23:58:22.823,2025-08-11 23:58:22.823,0
OSD11082025054,OD-20250726-006,SC0005,false,admin,,2025-08-11 23:58:22.823,2025-08-11 23:58:22.823,0
OSD11082025055,OD-20250726-005,SC0005,false,admin,,2025-08-11 23:58:22.823,2025-08-11 23:58:22.823,0
OSD11082025056,OD-20250726-004,SC0005,false,admin,,2025-08-11 23:58:22.823,2025-08-11 23:58:22.823,0
OSD11082025057,OD-20250726-003,SC0005,false,admin,,2025-08-11 23:58:22.823,2025-08-11 23:58:22.823,0
OSD11082025058,OD-20250726-002,SC0005,false,admin,,2025-08-11 23:58:22.823,2025-08-11 23:58:22.823,0
OSD11082025059,OD-20250726-001,SC0002,false,admin,,2025-08-11 23:58:22.823,2025-08-11 23:58:22.823,0
OSD11082025060,OD-20250722-002,SC0005,false,admin,,2025-08-11 23:58:22.823,2025-08-11 23:58:22.823,0
OSD11082025061,OD-20250722-001,SC0011,false,admin,,2025-08-11 23:58:22.823,2025-08-11 23:58:22.823,0
OSD12082025001,OD-12082025-001,SC0005,false,,,2025-08-12 14:02:59.701,2025-08-12 14:02:59.701,0
OSD13082025001,OD-13082025-001,SC0005,false,,,2025-08-13 09:32:34.792,2025-08-13 09:32:34.792,0
OSD13082025002,OD-13082025-002,SC0006,false,,,2025-08-13 09:39:14.023,2025-08-13 09:39:14.023,0
OSD13082025003,OD-13082025-003,SC0005,false,,,2025-08-13 14:00:30.137,2025-08-13 14:00:30.137,0
OSD13082025004,OD-13082025-004,SC0005,false,,,2025-08-13 14:16:10.623,2025-08-13 14:16:10.623,0
OSD13082025005,OD-13082025-005,SC0005,false,,,2025-08-13 17:26:37.006,2025-08-13 17:26:37.006,0
OSD14082025001,OD-14082025-001,SC0005,false,,,2025-08-14 12:54:04.484,2025-08-14 12:54:04.484,0
OSD14082025002,OD-14082025-002,SC0005,false,,,2025-08-14 15:43:20.924,2025-08-14 15:43:20.924,0
OSD15082025001,OD-15082025-001,SC0002,false,,,2025-08-15 09:04:53.328,2025-08-15 09:04:53.328,0
OSD15082025002,OD-15082025-002,SC0006,false,,,2025-08-15 09:31:53.467,2025-08-15 09:31:53.467,0
OSD15082025003,OD-15082025-003,SC0005,false,,,2025-08-15 11:11:26.705,2025-08-15 11:11:26.705,0
OSD15082025004,OD-15082025-004,SC0006,false,,,2025-08-15 13:43:21.640,2025-08-15 13:43:21.640,0
OSD16082025001,OD-16082025-001,SC0005,false,,,2025-08-16 10:16:50.349,2025-08-16 10:16:50.349,0
OSD16082025002,OD-16082025-002,SC0005,false,,,2025-08-16 11:01:20.210,2025-08-16 11:01:20.210,0
OSD16082025003,OD-16082025-003,SC0005,false,,,2025-08-16 13:26:47.582,2025-08-16 13:26:47.582,0
OSD17082025001,OD-17082025-001,SC0005,false,,,2025-08-17 10:41:13.497,2025-08-17 10:41:13.497,0
OSD17082025002,OD-17082025-002,SC0005,false,,,2025-08-17 10:52:59.280,2025-08-17 10:52:59.280,0
OSD17082025003,OD-17082025-003,SC0005,false,,,2025-08-17 11:57:35.461,2025-08-17 11:57:35.461,0
OSD17082025005,OD-17082025-005,SC0005,false,,,2025-08-17 13:58:13.221,2025-08-17 13:58:13.221,0
OSD17082025006,OD-17082025-004,SC0002,false,,,2025-08-17 14:15:25.569,2025-08-17 14:15:25.569,0
OSD17082025007,OD-17082025-006,SC0002,false,,,2025-08-17 15:10:18.581,2025-08-17 15:10:18.581,0
OSD17082025008,OD-17082025-007,SC0005,false,,,2025-08-17 15:55:59.222,2025-08-17 15:55:59.222,0
OSD17082025009,OD-17082025-008,SC0002,false,,,2025-08-17 17:38:11.465,2025-08-17 17:38:11.465,0
OSD18082025001,OD-18082025-001,SC0005,false,,,2025-08-18 09:00:23.836,2025-08-18 09:00:23.836,0
OSD18082025002,OD-18082025-002,SC0004,false,,,2025-08-18 11:06:35.794,2025-08-18 11:06:35.794,0
OSD18082025004,OD-18082025-003,SC0006,false,,,2025-08-18 12:21:06.011,2025-08-18 12:21:06.011,0
OSD18082025005,OD-18082025-004,SC0006,false,,,2025-08-18 12:23:54.774,2025-08-18 12:23:54.774,0
OSD18082025006,OD-18082025-005,SC0005,false,,,2025-08-18 15:24:52.088,2025-08-18 15:24:52.088,0
OSD18082025007,OD-18082025-006,SC0005,false,,,2025-08-18 15:25:47.154,2025-08-18 15:25:47.154,0
